-- phpMyAdmin SQL Dump
-- version 4.8.4
-- https://www.phpmyadmin.net/
--
-- Host: 127.0.0.1:3306
-- Generation Time: Sep 25, 2021 at 02:00 PM
-- Server version: 5.7.24
-- PHP Version: 7.3.1

SET SQL_MODE = "NO_AUTO_VALUE_ON_ZERO";
SET AUTOCOMMIT = 0;
START TRANSACTION;
SET time_zone = "+00:00";


/*!40101 SET @OLD_CHARACTER_SET_CLIENT=@@CHARACTER_SET_CLIENT */;
/*!40101 SET @OLD_CHARACTER_SET_RESULTS=@@CHARACTER_SET_RESULTS */;
/*!40101 SET @OLD_COLLATION_CONNECTION=@@COLLATION_CONNECTION */;
/*!40101 SET NAMES utf8mb4 */;

--
-- Database: `auto_nim`
--

-- --------------------------------------------------------

--
-- Table structure for table `accounts`
--

DROP TABLE IF EXISTS `accounts`;
CREATE TABLE IF NOT EXISTS `accounts` (
  `id` int(11) NOT NULL AUTO_INCREMENT,
  `email` varchar(255) NOT NULL,
  `passwordHash` varchar(255) NOT NULL,
  `userType` varchar(255) NOT NULL,
  `verificationToken` varchar(255) DEFAULT NULL,
  `verified` datetime DEFAULT NULL,
  `resetToken` varchar(255) DEFAULT NULL,
  `resetTokenExpires` datetime DEFAULT NULL,
  `passwordReset` datetime DEFAULT NULL,
  `isAccepted` varchar(255) NOT NULL,
  PRIMARY KEY (`id`)
) ENGINE=InnoDB AUTO_INCREMENT=19 DEFAULT CHARSET=latin1;

--
-- Dumping data for table `accounts`
--

INSERT INTO `accounts` (`id`, `email`, `passwordHash`, `userType`, `verificationToken`, `verified`, `resetToken`, `resetTokenExpires`, `passwordReset`, `isAccepted`) VALUES
(2, 'kushan.se98@gmail.com', '$2a$10$5B5Jpb.IV4DrRX4xbBS0A.j.z3.GSEiWxhWR88YVBkTblBgLpUST6', 'vehicleowner', NULL, '2021-09-19 08:20:48', NULL, NULL, NULL, 'accepted'),
(3, 'nimnakapremawardhana@gmail.com', '$2a$10$oP80RRNG1P3iQAbmVZaijO.1G0RYhNEy8xjDqt.2bsuMAsDDYxkT6', 'vehicleowner', NULL, '2021-09-20 14:29:02', NULL, NULL, NULL, 'accepted'),
(4, 'namudara1@gmail.com', '$2a$10$84NEyfRZvbohA9KYNZqNKunfnt13YOsMPQsxQOcAl/1kzcGR9WzoC', 'vehicleowner', NULL, '2021-09-20 14:44:38', NULL, NULL, NULL, 'accepted'),
(5, 'hagawix219@secbuf.com', '$2a$10$CWelOX4ptuYhKwkw6YfBq.ZpR3RcNlDAHoNrgy4djkElROdSX.UVi', 'servicestation', 'c03c56fa10ac858d886cdc265765dc0cbbf994b7846e010bd411f7e097bb574c6de956fa22ebd507', NULL, NULL, NULL, NULL, 'declined'),
(8, 'autodoc.ucsc@gmail.com', '$2a$10$vZ/HsDyEx3JF04gR39UxzuGxRvjJejPNIlpLHGPvYGzHmRccBjmti', 'admin', NULL, '2021-09-20 17:36:16', NULL, NULL, NULL, 'accepted'),
(9, 'sadihi2351@soulsuns.com', '$2a$10$QWi4eVQWQSpBXA5FbRqy8.SYXDkyYAwWqhNqyA2zub2lNazRyIlaW', 'servicestation', '5517b564b69f94b9add29a88c62a111b3282b10b9a1da27cf3bd822427b287de25bcd9de26b6c16a', NULL, NULL, NULL, NULL, 'accepted'),
(10, 'vosohi2202@timevod.com', '$2a$10$T2FDi4eNFvBheSFl427OE.cilb47oAE9V1qoM6EOHSZ0MBUel8B0e', 'vehicleowner', '159ba05748db5eb18df7915a1669176fffa2b8aef3c3e951f93ded8c65e05a8207233e5f488517b2', NULL, NULL, NULL, NULL, 'accepted'),
(11, 'binayij781@timevod.com', '$2a$10$Q6oTwVD8BC8v0yAvqlqeX.XBdbZci8OJo93/FFbrZjQLSGW07QyAm', 'servicestation', '23f186009cf86804a307b51cbf4a3c035d06b60dc55484dbde88654644a9fc9ebff7283492be9dc0', NULL, NULL, NULL, NULL, 'pending'),
(12, 'methsaraprashan@gmail.com', '$2a$10$qjX.vFGNbflfLsQ.49gRY.VB5YZlVjduRS2Yr27JVGmMhmzmbmSea', 'servicestation', '4ff340f583cf0651f9e9293d69eb00bc8709236548bef317f2da4b475d00f6b2381ee46479987084', '2021-09-20 17:36:16', NULL, NULL, NULL, 'accepted'),
(18, 'mystic354@tinilalo.com', '$2a$10$SJOrDAb5mupkBpJV69IIzOSqJ9oVwPk.JMTwx0n/3DRhNz8wePtVC', 'servicestation', 'f01223c1dee5c55b0d95d53b199b838128e6be72439228a8c897bede74ee378cd77ff4028a72e0b1', '2021-09-20 17:36:16', NULL, NULL, NULL, 'accepted');

-- --------------------------------------------------------

--
-- Table structure for table `appointment`
--

DROP TABLE IF EXISTS `appointment`;
CREATE TABLE IF NOT EXISTS `appointment` (
  `appointment_id` int(5) NOT NULL AUTO_INCREMENT,
  `date` date NOT NULL,
  `time` timestamp NOT NULL DEFAULT CURRENT_TIMESTAMP,
  `reminder` int(11) NOT NULL DEFAULT '1',
  `duration_hrs` decimal(11,1) NOT NULL,
  `st_id` int(11) NOT NULL,
  `bay_id` int(11) NOT NULL,
  `vehicle_number` varchar(15) NOT NULL,
  `rated` int(11) NOT NULL DEFAULT '0',
  `isonline` int(11) NOT NULL DEFAULT '1',
  `manual_name` varchar(30) NOT NULL DEFAULT '0',
  `manual_mobile` varchar(20) NOT NULL DEFAULT '0',
  PRIMARY KEY (`appointment_id`),
  KEY `appointment_ibfk_1` (`st_id`)
) ENGINE=InnoDB AUTO_INCREMENT=235 DEFAULT CHARSET=utf8mb4;

--
-- Dumping data for table `appointment`
--

INSERT INTO `appointment` (`appointment_id`, `date`, `time`, `reminder`, `duration_hrs`, `st_id`, `bay_id`, `vehicle_number`, `rated`, `isonline`, `manual_name`, `manual_mobile`) VALUES
(171, '2021-09-15', '2021-09-15 06:30:00', 1, '4.5', 1, 1, 'KW-8475', 0, 1, '0', '0'),
(201, '2021-09-30', '2021-09-30 03:30:00', 1, '7.0', 1, 2, '55-5786', 0, 1, '0', '0'),
(202, '2021-09-30', '2021-09-30 09:30:00', 1, '3.0', 1, 1, 'CAP-1120', 0, 1, '0', '0'),
(204, '2021-09-30', '2021-09-30 11:30:00', 1, '1.0', 1, 2, 'CAR-8072', 0, 1, '0', '0'),
(205, '2021-09-21', '2021-09-21 07:30:00', 1, '5.0', 1, 2, 'KX-1172', 0, 0, 'PRASHAN METHSARA', '0767452332'),
(213, '2021-09-26', '2021-09-26 06:30:00', 1, '4.0', 1, 1, 'CAP-1120', 0, 1, '0', '0'),
(221, '2021-09-24', '2021-09-24 03:30:00', 1, '0.5', 1, 1, 'CAP-5622', 0, 1, '0', '0'),
(222, '2021-09-22', '2021-09-22 05:00:00', 1, '6.0', 1, 1, 'CAN-8868', 0, 1, '0', '0'),
(226, '2021-09-30', '2021-09-30 03:30:00', 1, '4.0', 1, 1, '55-5786', 0, 1, '0', '0'),
(228, '2021-10-14', '2021-10-14 04:30:00', 1, '1.5', 3, 1, 'CAN-8868', 0, 1, '0', '0'),
(230, '2021-09-30', '2021-09-30 07:30:00', 1, '2.0', 1, 1, '255-1176', 0, 0, 'KAVISHKA SANDEEPA', '0785645221'),
(232, '2021-10-30', '2021-10-30 05:30:00', 1, '1.0', 500, 1, 'CAR-8072', 0, 1, '0', '0'),
(234, '2021-09-29', '2021-09-29 05:30:00', 1, '1.0', 500, 1, 'KW-8475', 0, 1, '0', '0');

-- --------------------------------------------------------

--
-- Table structure for table `appointment_service`
--

DROP TABLE IF EXISTS `appointment_service`;
CREATE TABLE IF NOT EXISTS `appointment_service` (
  `appointment_id` int(11) NOT NULL,
  `service_id` int(11) NOT NULL,
  PRIMARY KEY (`appointment_id`,`service_id`),
  KEY `appointment_service_ibfk_2` (`service_id`)
) ENGINE=InnoDB DEFAULT CHARSET=utf8mb4;

--
-- Dumping data for table `appointment_service`
--

INSERT INTO `appointment_service` (`appointment_id`, `service_id`) VALUES
(171, 11),
(201, 11),
(213, 11),
(226, 11),
(171, 12),
(201, 12),
(226, 13),
(228, 13),
(171, 14),
(202, 14),
(213, 14),
(222, 14),
(201, 15),
(226, 15),
(205, 16),
(222, 16),
(201, 17),
(202, 17),
(204, 17),
(205, 17),
(213, 17),
(226, 17),
(230, 17),
(201, 18),
(205, 18),
(221, 18),
(222, 18),
(228, 18),
(230, 18),
(232, 18),
(234, 18);

-- --------------------------------------------------------

--
-- Table structure for table `bay`
--

DROP TABLE IF EXISTS `bay`;
CREATE TABLE IF NOT EXISTS `bay` (
  `bay_id` int(11) NOT NULL,
  `st_id` int(11) NOT NULL,
  PRIMARY KEY (`bay_id`,`st_id`),
  KEY `st_id` (`st_id`)
) ENGINE=InnoDB DEFAULT CHARSET=utf8mb4;

--
-- Dumping data for table `bay`
--

INSERT INTO `bay` (`bay_id`, `st_id`) VALUES
(1, 1),
(2, 1),
(1, 2),
(1, 3),
(1, 500),
(2, 500),
(1, 503),
(2, 503),
(3, 503),
(1, 504),
(2, 504),
(3, 504),
(4, 504),
(1, 505),
(2, 505),
(3, 505),
(1, 506),
(2, 506);

-- --------------------------------------------------------

--
-- Table structure for table `bill`
--

DROP TABLE IF EXISTS `bill`;
CREATE TABLE IF NOT EXISTS `bill` (
  `bill_id` int(11) NOT NULL AUTO_INCREMENT,
  `description` text NOT NULL,
  `amount` int(11) NOT NULL,
  `date` timestamp NOT NULL DEFAULT CURRENT_TIMESTAMP,
  `owner_id` int(11) NOT NULL,
  `st_id` int(11) NOT NULL,
  `path` varchar(255) NOT NULL,
  `appointment_id` int(11) NOT NULL,
  `type` varchar(255) NOT NULL,
  PRIMARY KEY (`bill_id`)
) ENGINE=InnoDB DEFAULT CHARSET=utf8mb4;

-- --------------------------------------------------------

--
-- Table structure for table `employee`
--

DROP TABLE IF EXISTS `employee`;
CREATE TABLE IF NOT EXISTS `employee` (
  `emp_id` int(11) NOT NULL AUTO_INCREMENT,
  `emp_name` varchar(25) NOT NULL,
  `emp_age` int(11) NOT NULL,
  `salary` int(11) NOT NULL,
  `mobile` varchar(10) NOT NULL,
  `role` varchar(15) NOT NULL,
  `status` varchar(11) NOT NULL DEFAULT 'Available',
  `bay_id` int(11) NOT NULL,
  `st_id` int(11) NOT NULL,
  PRIMARY KEY (`emp_id`),
  KEY `bay_id` (`bay_id`),
  KEY `st_id` (`st_id`)
) ENGINE=InnoDB AUTO_INCREMENT=10 DEFAULT CHARSET=utf8mb4;

--
-- Dumping data for table `employee`
--

INSERT INTO `employee` (`emp_id`, `emp_name`, `emp_age`, `salary`, `mobile`, `role`, `status`, `bay_id`, `st_id`) VALUES
(2, 'nushen perera', 23, 43000, '0714563721', 'Engineer', 'Available', 1, 1),
(3, 'kapila silva', 23, 30000, '077785243', 'Engineer', 'Available', 2, 1),
(4, 'nimna jayawardana', 30, 350000, '077569241', 'Cleaner', 'Unavailable', 1, 1),
(6, 'ssq', 3, 0, '04221484', 'Engineer', 'Available', 2, 1),
(7, 'fdef', 3, 53453, '5353', 'supervisor', 'Unavailable', 2, 1),
(8, 'sj', 23, 232, '23232', 'Engine Tuner', 'Available', 1, 1),
(9, 'deemantha jayasinghe', 26, 30000, '07778965', 'Washer', 'Available', 2, 1);

-- --------------------------------------------------------

--
-- Table structure for table `inventory_items`
--

DROP TABLE IF EXISTS `inventory_items`;
CREATE TABLE IF NOT EXISTS `inventory_items` (
  `item_id` int(11) NOT NULL AUTO_INCREMENT,
  `item_type` varchar(255) NOT NULL,
  `item_name` varchar(255) NOT NULL,
  `quantity` int(11) NOT NULL,
  `price` int(11) NOT NULL,
  `st_id` int(11) NOT NULL,
  PRIMARY KEY (`item_id`)
) ENGINE=InnoDB AUTO_INCREMENT=59 DEFAULT CHARSET=utf8mb4;

--
-- Dumping data for table `inventory_items`
--

INSERT INTO `inventory_items` (`item_id`, `item_type`, `item_name`, `quantity`, `price`, `st_id`) VALUES
(8, 'Brakeoil', 'Caltex', 45, 780, 2),
(48, 'Battery(12V)', 'Exide', 3, 11500, 1),
(49, 'Air  Filters', 'Howks', 34, 850, 1),
(50, 'Brake Oil', 'Caltex Break', 1000, 1000, 1),
(51, 'Deferential Oil', 'Havoline', 2000, 3000, 1),
(52, 'Battery(6V)', 'Amoron', 100, 10000, 1),
(53, 'Transmission Oil', 'Caltex', 500, 10000, 1),
(54, 'A/C Filters', 'Toyota', 100, 20000, 1),
(58, 'Brake Oil', 'Havo', 1000, 10000, 1);

-- --------------------------------------------------------

--
-- Table structure for table `rating`
--

DROP TABLE IF EXISTS `rating`;
CREATE TABLE IF NOT EXISTS `rating` (
  `st_id` int(11) NOT NULL,
  `rate_count` int(11) NOT NULL,
  `current_rate` decimal(11,2) NOT NULL,
  PRIMARY KEY (`st_id`)
) ENGINE=InnoDB DEFAULT CHARSET=utf8mb4;

--
-- Dumping data for table `rating`
--

INSERT INTO `rating` (`st_id`, `rate_count`, `current_rate`) VALUES
(1, 747, '4.98'),
(2, 652, '4.00'),
(3, 444, '4.75'),
(500, 67, '4.80'),
(503, 214, '4.59'),
(504, 316, '4.15'),
(505, 78, '4.70'),
(506, 0, '0.00');

-- --------------------------------------------------------

--
-- Table structure for table `refreshtokens`
--

DROP TABLE IF EXISTS `refreshtokens`;
CREATE TABLE IF NOT EXISTS `refreshtokens` (
  `id` int(11) NOT NULL AUTO_INCREMENT,
  `token` varchar(255) DEFAULT NULL,
  `expires` datetime DEFAULT NULL,
  `created` datetime NOT NULL,
  `createdByIp` varchar(255) DEFAULT NULL,
  `revoked` datetime DEFAULT NULL,
  `revokedByIp` varchar(255) DEFAULT NULL,
  `replacedByToken` varchar(255) DEFAULT NULL,
  `accountId` int(11) DEFAULT NULL,
  PRIMARY KEY (`id`),
  KEY `accountId` (`accountId`)
) ENGINE=InnoDB AUTO_INCREMENT=507 DEFAULT CHARSET=latin1;

--
-- Dumping data for table `refreshtokens`
--

INSERT INTO `refreshtokens` (`id`, `token`, `expires`, `created`, `createdByIp`, `revoked`, `revokedByIp`, `replacedByToken`, `accountId`) VALUES
(1, '34638ccd63b824506b5b3e386ce0d6c986c584afe847c72df425160b03e50070c3791b735ff121bb', '2021-09-26 08:34:48', '2021-09-19 08:34:48', '::1', '2021-09-19 08:34:58', '::1', 'c932a2fdc5374428a3d7815f1738bb2a18e1acc4558ae51e9470917b771393bf98022a77b00338b8', 2),
(2, 'c932a2fdc5374428a3d7815f1738bb2a18e1acc4558ae51e9470917b771393bf98022a77b00338b8', '2021-09-26 08:34:58', '2021-09-19 08:34:58', '::1', '2021-09-19 08:38:39', '::1', '412b98d630bd9f345c44b6cff5cf0cd4d683051bb020bf7a088a5856ab6251e9e69a911b902c3e57', 2),
(3, '412b98d630bd9f345c44b6cff5cf0cd4d683051bb020bf7a088a5856ab6251e9e69a911b902c3e57', '2021-09-26 08:38:39', '2021-09-19 08:38:39', '::1', '2021-09-19 08:42:23', '::1', '290d21c4cbe23f6fa8dcddaa5a23260f3c79422e70e62c15e80fde38c8312d3ec0bda065f9fc24e8', 2),
(4, '290d21c4cbe23f6fa8dcddaa5a23260f3c79422e70e62c15e80fde38c8312d3ec0bda065f9fc24e8', '2021-09-26 08:42:23', '2021-09-19 08:42:23', '::1', '2021-09-19 08:43:08', '::1', 'd64d4c73a9b4988e91c76bb3945f643452d959e9d3aefc6263cfa16765ce65e31dffb8500e0584d6', 2),
(5, 'd64d4c73a9b4988e91c76bb3945f643452d959e9d3aefc6263cfa16765ce65e31dffb8500e0584d6', '2021-09-26 08:43:08', '2021-09-19 08:43:08', '::1', '2021-09-19 08:44:32', '::1', '1e595288fb9d25f404695f232f20d3e2a6dc832bd53a130d31fb87e73b23bbd1f9f58c9e5b2e7fed', 2),
(6, '1e595288fb9d25f404695f232f20d3e2a6dc832bd53a130d31fb87e73b23bbd1f9f58c9e5b2e7fed', '2021-09-26 08:44:32', '2021-09-19 08:44:32', '::1', '2021-09-19 08:45:21', '::1', '04b41d02be0a200ac2d1557db8d4f636704c7ee5b6b9a216d8f7a3dd06b1acbbfa0bae2f49855fee', 2),
(7, '04b41d02be0a200ac2d1557db8d4f636704c7ee5b6b9a216d8f7a3dd06b1acbbfa0bae2f49855fee', '2021-09-26 08:45:21', '2021-09-19 08:45:21', '::1', '2021-09-19 08:45:24', '::1', NULL, 2),
(8, '1626b0ed77236e35bebd0b34c07e074f4012333dd00c7cedb556d8d7f3a217bf3080ea94ba3de9fa', '2021-09-26 08:48:50', '2021-09-19 08:48:50', '::1', '2021-09-19 08:48:53', '::1', NULL, 2),
(9, '84449e2c90a34f4e5310190a7e0b94815d370e401c9275923ef91879a453e3cf9c814f5d4083acb9', '2021-09-26 10:16:42', '2021-09-19 10:16:42', '::1', '2021-09-19 10:16:49', '::1', '41ca7aec6ae57fab5a3956e8e1bb5be887cb16a56d84c827972783b68210976995ceb9db3849fc42', 2),
(10, '41ca7aec6ae57fab5a3956e8e1bb5be887cb16a56d84c827972783b68210976995ceb9db3849fc42', '2021-09-26 10:16:49', '2021-09-19 10:16:49', '::1', '2021-09-19 10:17:10', '::1', 'e362c814931e899d94d75969f8dda9630deaf06331370f0403f0aa0adbd9cb516cffe11f54062716', 2),
(11, 'e362c814931e899d94d75969f8dda9630deaf06331370f0403f0aa0adbd9cb516cffe11f54062716', '2021-09-26 10:17:10', '2021-09-19 10:17:10', '::1', '2021-09-19 10:17:45', '::1', 'decc0f0bdbac46770821d32d5e8e27865c3954ec26bedbab99a7ffbec1cebe5817f72bfb0c0c81b6', 2),
(12, 'decc0f0bdbac46770821d32d5e8e27865c3954ec26bedbab99a7ffbec1cebe5817f72bfb0c0c81b6', '2021-09-26 10:17:45', '2021-09-19 10:17:45', '::1', '2021-09-19 10:20:51', '::1', '02efe0d4157014263e86f8b6006e7da82c9be0c48ff30dcab6d1efa9b1dd2ff393c838dba570da7e', 2),
(13, '02efe0d4157014263e86f8b6006e7da82c9be0c48ff30dcab6d1efa9b1dd2ff393c838dba570da7e', '2021-09-26 10:20:51', '2021-09-19 10:20:51', '::1', '2021-09-19 10:21:56', '::1', '782e4ce7495c33fa892c7ea5d31771d4e10bb3a7d229c13ddd99328d75a49cd24f94c103dec2b974', 2),
(14, '782e4ce7495c33fa892c7ea5d31771d4e10bb3a7d229c13ddd99328d75a49cd24f94c103dec2b974', '2021-09-26 10:21:56', '2021-09-19 10:21:56', '::1', '2021-09-19 10:22:15', '::1', '7e8a2d3a40ad4e702247fb843a4f2be183b9381f010cf0ae7c0c8abf2ab8699a78fbbb5e006a24c8', 2),
(15, '7e8a2d3a40ad4e702247fb843a4f2be183b9381f010cf0ae7c0c8abf2ab8699a78fbbb5e006a24c8', '2021-09-26 10:22:15', '2021-09-19 10:22:15', '::1', '2021-09-19 10:25:19', '::1', '46e5fb80c0d109cf18b37391d59837e66ff8c5eab606e86ef86c4cb9d2fd7cc18de273f06a30e031', 2),
(16, '46e5fb80c0d109cf18b37391d59837e66ff8c5eab606e86ef86c4cb9d2fd7cc18de273f06a30e031', '2021-09-26 10:25:19', '2021-09-19 10:25:19', '::1', '2021-09-19 10:25:36', '::1', 'c13c9045aae6de7f5144a4dbed46f2f28f4b58175a446a6cca547454371b13776b43166ba42e7308', 2),
(17, 'c13c9045aae6de7f5144a4dbed46f2f28f4b58175a446a6cca547454371b13776b43166ba42e7308', '2021-09-26 10:25:36', '2021-09-19 10:25:36', '::1', '2021-09-19 10:26:09', '::1', NULL, 2),
(18, 'ac5d68e1b8ea787a87444d0a749327433fdff04e0350e9ea6c3f77a4c0d831f1353fd335f176dcb0', '2021-09-26 10:27:37', '2021-09-19 10:27:37', '::1', '2021-09-19 10:27:40', '::1', '42e0753af36a273799d0b27781a946fa029b321185b0e8ca04a717692b4c7c29e84a2941b3ddd454', 2),
(19, '42e0753af36a273799d0b27781a946fa029b321185b0e8ca04a717692b4c7c29e84a2941b3ddd454', '2021-09-26 10:27:40', '2021-09-19 10:27:40', '::1', '2021-09-19 10:29:20', '::1', 'c5b8d4c91a0e7c2b7269c278934e64efbc12e1bdbd98952ff60d6d8b8739edb4a77ec734ce0d15d4', 2),
(20, 'c5b8d4c91a0e7c2b7269c278934e64efbc12e1bdbd98952ff60d6d8b8739edb4a77ec734ce0d15d4', '2021-09-26 10:29:20', '2021-09-19 10:29:20', '::1', '2021-09-19 10:29:24', '::1', NULL, 2),
(21, '801ebd22df1b2d26543ca898347b74652a8a0ba43e52e52f24f27051652a0e05b09c0b0e7cfc6f51', '2021-09-26 13:43:57', '2021-09-19 13:43:57', '::1', '2021-09-19 13:44:05', '::1', 'a7f95760d231e58c4e440980319fcc608d9b6f86d6f85b479805d6c6b2eeae42e26f2a8241fc886c', 2),
(22, 'a7f95760d231e58c4e440980319fcc608d9b6f86d6f85b479805d6c6b2eeae42e26f2a8241fc886c', '2021-09-26 13:44:05', '2021-09-19 13:44:05', '::1', '2021-09-19 13:44:15', '::1', '81c5e6f045d53267982660af66e3ed91d2f8d4ed73c7b653daf859f47003b816efa2ce3bce1deb47', 2),
(23, '81c5e6f045d53267982660af66e3ed91d2f8d4ed73c7b653daf859f47003b816efa2ce3bce1deb47', '2021-09-26 13:44:15', '2021-09-19 13:44:15', '::1', '2021-09-19 13:44:35', '::1', 'f62f425febb3e52c6752c37b5e2d7038b4f535a81fe1f05af9c126aeeb5d6df58afc87dc01e4168f', 2),
(24, 'f62f425febb3e52c6752c37b5e2d7038b4f535a81fe1f05af9c126aeeb5d6df58afc87dc01e4168f', '2021-09-26 13:44:35', '2021-09-19 13:44:35', '::1', '2021-09-19 13:45:44', '::1', NULL, 2),
(25, '68140e413637cf34ebbb9f9faab7009e5206b825bdcf88ab78a7fdde694c9bcf9c574dbe5dfedddd', '2021-09-26 14:14:45', '2021-09-19 14:14:45', '::1', '2021-09-19 14:15:46', '::1', '59b931201a8d0e0178625fab630252f74772d8558cd76cc47da920a10dba27abcdfa21b0f58ed949', 2),
(26, '59b931201a8d0e0178625fab630252f74772d8558cd76cc47da920a10dba27abcdfa21b0f58ed949', '2021-09-26 14:15:46', '2021-09-19 14:15:46', '::1', '2021-09-19 14:15:55', '::1', NULL, 2),
(27, '26432c973bca3075c0b8cd776e4f3528416cf1a0cef76154b696b6ac36a57f88923393adbbc25af7', '2021-09-26 15:07:35', '2021-09-19 15:07:35', '::1', '2021-09-19 15:07:49', '::1', '7d3155d24b593ba82f19ddfb2eb3e319138775982d82c572a4cd78814d32a171eacd23a631c0acee', 2),
(28, '7d3155d24b593ba82f19ddfb2eb3e319138775982d82c572a4cd78814d32a171eacd23a631c0acee', '2021-09-26 15:07:49', '2021-09-19 15:07:49', '::1', '2021-09-19 15:10:23', '::1', NULL, 2),
(29, 'bf28f5c0594b67144b8ef42f63a45515c41c0ddde978e9085b4628c63f792e1a34f465d45ec51024', '2021-09-26 15:10:57', '2021-09-19 15:10:57', '::1', '2021-09-19 15:12:25', '::1', 'c90efe786a65bb4d35d342f6d1949037852e626ff95ed0c8f3cfafc368e2320c9e2a2cec7149e341', 2),
(30, 'c90efe786a65bb4d35d342f6d1949037852e626ff95ed0c8f3cfafc368e2320c9e2a2cec7149e341', '2021-09-26 15:12:25', '2021-09-19 15:12:25', '::1', '2021-09-19 15:12:49', '::1', '9bc7753dc456ffb0f689a7507ef83eca9e13ddb28d1b60e743832586024c5f666259a9bc82a037e5', 2),
(31, '9bc7753dc456ffb0f689a7507ef83eca9e13ddb28d1b60e743832586024c5f666259a9bc82a037e5', '2021-09-26 15:12:49', '2021-09-19 15:12:49', '::1', '2021-09-19 15:13:01', '::1', NULL, 2),
(32, '1f6a14a41ca6b9f0a79c5c15adde6be26d68aa357fe895bac71405ad4ff2a634a7c8226861fc7e3e', '2021-09-26 16:32:16', '2021-09-19 16:32:16', '::1', '2021-09-19 16:32:43', '::1', NULL, 2),
(33, 'ad0eeaea81b56348347cb8c7458b92b71c9b336253df229a3c25f8fffd1632add69987460289ac9c', '2021-09-26 16:37:17', '2021-09-19 16:37:17', '::1', '2021-09-19 16:39:31', '::1', 'd7cd87a7814b743056bd8155ea47b337c1d2c9df14d1ce992c569638e995c90513386b5b0a9ec02c', 2),
(34, 'd7cd87a7814b743056bd8155ea47b337c1d2c9df14d1ce992c569638e995c90513386b5b0a9ec02c', '2021-09-26 16:39:31', '2021-09-19 16:39:31', '::1', '2021-09-19 16:43:27', '::1', '8c9471bda7cd731eaaf1b90fded363439b951ebada340a12bf7a5ebe558665080c3c067a919f2036', 2),
(35, '8c9471bda7cd731eaaf1b90fded363439b951ebada340a12bf7a5ebe558665080c3c067a919f2036', '2021-09-26 16:43:27', '2021-09-19 16:43:27', '::1', '2021-09-19 16:44:12', '::1', 'ad516359f60cd01aa062b44c87198d7792a7fe2da6983b46ff5be67bdd1317d51c88af723cc67042', 2),
(36, 'ad516359f60cd01aa062b44c87198d7792a7fe2da6983b46ff5be67bdd1317d51c88af723cc67042', '2021-09-26 16:44:12', '2021-09-19 16:44:12', '::1', '2021-09-19 16:45:56', '::1', '51371d6a905b649099130a13aaf148223d47942bff24cab8988d4a7ff57af3a13decb7f5ab443631', 2),
(37, '51371d6a905b649099130a13aaf148223d47942bff24cab8988d4a7ff57af3a13decb7f5ab443631', '2021-09-26 16:45:56', '2021-09-19 16:45:56', '::1', '2021-09-19 16:46:07', '::1', NULL, 2),
(38, 'b25f8a437b953ffbad9b62cade8a683c607eb535d4cac359d0a6b58eb770a94515aa141169513540', '2021-09-26 16:46:52', '2021-09-19 16:46:52', '::1', '2021-09-19 16:47:03', '::1', NULL, 2),
(39, '4454956d59f58e0af4ff166eb623547cf6971971ae9321d3fa59fd3a1883e8eb5bb7f8331c27511d', '2021-09-27 14:29:35', '2021-09-20 14:29:35', '::1', '2021-09-20 14:31:43', '::1', '939454ee53015e78149ab62eea0d9b7a2af94b8a5c849896a3046a48e2bfe27a6d9f455cb223e4de', 3),
(40, 'b6f47d3c0d864881957d379ac1d3787e1dbb7941527118459ddceb4c0db6f21ed9de6ec7ff6cd5d8', '2021-09-27 14:31:43', '2021-09-20 14:31:43', '::1', NULL, NULL, NULL, 3),
(41, '939454ee53015e78149ab62eea0d9b7a2af94b8a5c849896a3046a48e2bfe27a6d9f455cb223e4de', '2021-09-27 14:31:43', '2021-09-20 14:31:43', '::1', '2021-09-20 14:31:44', '::1', '3911319aff32a98fa1830c15071f36d352181904aab1982cc2414280b69cc4be3231aa12e8baf621', 3),
(42, '3911319aff32a98fa1830c15071f36d352181904aab1982cc2414280b69cc4be3231aa12e8baf621', '2021-09-27 14:31:44', '2021-09-20 14:31:44', '::1', '2021-09-20 14:31:44', '::1', 'cb520d7f4cd3a4e20088e5e3ee938a5719bcc1ad8fd6317607877cc86d9b6dcd337d3bbbe2b805ae', 3),
(43, 'cb520d7f4cd3a4e20088e5e3ee938a5719bcc1ad8fd6317607877cc86d9b6dcd337d3bbbe2b805ae', '2021-09-27 14:31:44', '2021-09-20 14:31:44', '::1', '2021-09-20 14:31:45', '::1', '4b1474aa0c94a8401832d136ad65db5e37ec75e224ca5d62a89af5d4ff2ba3450e569d05ac759a6b', 3),
(44, '4b1474aa0c94a8401832d136ad65db5e37ec75e224ca5d62a89af5d4ff2ba3450e569d05ac759a6b', '2021-09-27 14:31:45', '2021-09-20 14:31:45', '::1', '2021-09-20 14:31:51', '::1', '709b851a326dbe648e70ca24796e90b853e85c9ad42ad7b189ef06c6c80b438df47f92ddaa1f85a0', 3),
(45, '709b851a326dbe648e70ca24796e90b853e85c9ad42ad7b189ef06c6c80b438df47f92ddaa1f85a0', '2021-09-27 14:31:51', '2021-09-20 14:31:51', '::1', '2021-09-20 14:31:51', '::1', '46e662382a4b5d5375317d58e97282dc54f3c37b96fdad09c184be67add7662312990d3e47861ee6', 3),
(46, '46e662382a4b5d5375317d58e97282dc54f3c37b96fdad09c184be67add7662312990d3e47861ee6', '2021-09-27 14:31:51', '2021-09-20 14:31:51', '::1', NULL, NULL, NULL, 3),
(47, 'b7e77de039dae0cfdb35fae0ccb88364d7e0fc34abf6d120c8d74f4d7f28219a50e652c4463f6e0a', '2021-09-27 14:46:33', '2021-09-20 14:46:33', '::1', '2021-09-20 14:47:40', '::1', '9af7936ee43bd85b4f0fd880e07e50eb560dca8b871e5139713b76ef6f27a2a9ddece637dec580e4', 4),
(48, '9af7936ee43bd85b4f0fd880e07e50eb560dca8b871e5139713b76ef6f27a2a9ddece637dec580e4', '2021-09-27 14:47:40', '2021-09-20 14:47:40', '::1', '2021-09-20 14:47:56', '::1', 'f12129b2b64bf4e263d9a14265537ec1d321f0db00c4d46de239214b9bd7dbf72c8f1da8b828ad8d', 4),
(49, 'f12129b2b64bf4e263d9a14265537ec1d321f0db00c4d46de239214b9bd7dbf72c8f1da8b828ad8d', '2021-09-27 14:47:56', '2021-09-20 14:47:56', '::1', '2021-09-20 14:47:59', '::1', '2249bf83aed0c676454eacca68ccee884c06d1d3b5381e89ae397af07c1f6c48d87504fd70ac01ae', 4),
(50, '2249bf83aed0c676454eacca68ccee884c06d1d3b5381e89ae397af07c1f6c48d87504fd70ac01ae', '2021-09-27 14:47:59', '2021-09-20 14:47:59', '::1', '2021-09-20 14:48:02', '::1', NULL, 4),
(51, '31cc5a96fcc504ed0e607631b348143f06beb24f39908051841d330d645d2ca90b44f1860489effc', '2021-09-27 14:48:10', '2021-09-20 14:48:10', '::1', '2021-09-20 14:52:50', '::1', '5ee5c9176fd6e9fab4af50c27f49666b0889c92ba0fe583288d9b238a410899916c508755a20afad', 4),
(52, '5ee5c9176fd6e9fab4af50c27f49666b0889c92ba0fe583288d9b238a410899916c508755a20afad', '2021-09-27 14:52:50', '2021-09-20 14:52:50', '::1', '2021-09-20 14:53:22', '::1', '9ef8b9bea4fe417adf85af154ddada1ff868e5906966d2b159fc43c0d1c7f7074400f95440f0fe22', 4),
(53, '9ef8b9bea4fe417adf85af154ddada1ff868e5906966d2b159fc43c0d1c7f7074400f95440f0fe22', '2021-09-27 14:53:22', '2021-09-20 14:53:22', '::1', '2021-09-20 14:53:24', '::1', NULL, 4),
(54, 'c219223ac57430fece4959cadfa1ff3a0092171ed43a90ab0d7d5e94edd203a5686efd114d5547a3', '2021-09-27 14:53:32', '2021-09-20 14:53:32', '::1', '2021-09-20 14:55:52', '::1', 'c1d9ceca19566824d082dd88d0c03aa7460be1556799364f3789d012bd3c2dd96e18c88ea072de3d', 4),
(55, 'c1d9ceca19566824d082dd88d0c03aa7460be1556799364f3789d012bd3c2dd96e18c88ea072de3d', '2021-09-27 14:55:52', '2021-09-20 14:55:52', '::1', '2021-09-20 15:01:14', '::1', '0840be80b4237427059989a275383d971a6f4f2705a3f76549805b2db88b03463d3838fcb6c0ab0d', 4),
(56, '0840be80b4237427059989a275383d971a6f4f2705a3f76549805b2db88b03463d3838fcb6c0ab0d', '2021-09-27 15:01:14', '2021-09-20 15:01:14', '::1', '2021-09-20 15:15:14', '::1', 'b242d73866fc33db084e3df16f29a20881164c8291214dd459c0f4e825d3ace4acd6e8eb40f326c3', 4),
(57, 'b242d73866fc33db084e3df16f29a20881164c8291214dd459c0f4e825d3ace4acd6e8eb40f326c3', '2021-09-27 15:15:14', '2021-09-20 15:15:14', '::1', '2021-09-20 15:19:34', '::1', '99a167eaff5f00a03448e5634e5bf79766d4f00dbee5c95d67e867b0e4c5bbdcb31f0f0bc11e2423', 4),
(58, '99a167eaff5f00a03448e5634e5bf79766d4f00dbee5c95d67e867b0e4c5bbdcb31f0f0bc11e2423', '2021-09-27 15:19:34', '2021-09-20 15:19:34', '::1', '2021-09-20 15:19:38', '::1', '9998e9c0c81ef3d7cbf7e2012a5ccae29da8705d4837e682433a8170aa562e863aee5dfaa9616a50', 4),
(59, '9998e9c0c81ef3d7cbf7e2012a5ccae29da8705d4837e682433a8170aa562e863aee5dfaa9616a50', '2021-09-27 15:19:38', '2021-09-20 15:19:38', '::1', '2021-09-20 15:33:38', '::1', 'cfd2be58e2ed37c2bd1c33d6b2a582931bffbd2d8a167d7a67b4a4f794cb44acdc4d1805b6ca0bd4', 4),
(60, 'cfd2be58e2ed37c2bd1c33d6b2a582931bffbd2d8a167d7a67b4a4f794cb44acdc4d1805b6ca0bd4', '2021-09-27 15:33:38', '2021-09-20 15:33:38', '::1', '2021-09-20 15:47:38', '::1', '1f30b17772c387cc12b7b8582be86d5e78069bd5bb76bb46576047f9b5aba2dfc2229486dc9430d5', 4),
(61, '1f30b17772c387cc12b7b8582be86d5e78069bd5bb76bb46576047f9b5aba2dfc2229486dc9430d5', '2021-09-27 15:47:38', '2021-09-20 15:47:38', '::1', '2021-09-20 15:48:48', '::1', '75c970511646bae5aeb1a5848718e43cc7344a1faff8af1b7f7d002572d607a046c6947298262de4', 4),
(62, '75c970511646bae5aeb1a5848718e43cc7344a1faff8af1b7f7d002572d607a046c6947298262de4', '2021-09-27 15:48:48', '2021-09-20 15:48:48', '::1', '2021-09-20 15:58:13', '::1', 'b09229404223ed4ab4d07282bc0f7c13e7ab43ead4cd52671979da4ccc6ffefe976b7bb8e9bbd59f', 4),
(63, 'b09229404223ed4ab4d07282bc0f7c13e7ab43ead4cd52671979da4ccc6ffefe976b7bb8e9bbd59f', '2021-09-27 15:58:13', '2021-09-20 15:58:13', '::1', '2021-09-20 16:04:13', '::1', '55799ac31a2e44b11eca4753c3dffc9d3597609c8768a6edd96273f7206b414994576484a655354f', 4),
(64, '55799ac31a2e44b11eca4753c3dffc9d3597609c8768a6edd96273f7206b414994576484a655354f', '2021-09-27 16:04:13', '2021-09-20 16:04:13', '::1', '2021-09-20 16:05:19', '::1', 'c8455e88990d7d463083cdf9932a98b4870ffe8018884fa260628bcf1b4cfe584b1dd48f6bdf0924', 4),
(65, 'c8455e88990d7d463083cdf9932a98b4870ffe8018884fa260628bcf1b4cfe584b1dd48f6bdf0924', '2021-09-27 16:05:19', '2021-09-20 16:05:19', '::1', '2021-09-20 16:06:59', '::1', 'bed7388f05d1eee9c8915562e00a0bef659586f3b60b5191f5b15270cf9d7fbefe9c21a8137a52ca', 4),
(66, 'bed7388f05d1eee9c8915562e00a0bef659586f3b60b5191f5b15270cf9d7fbefe9c21a8137a52ca', '2021-09-27 16:06:59', '2021-09-20 16:06:59', '::1', '2021-09-20 16:07:18', '::1', 'ea5ec74b26cde4727c23e2da926347180c51faac0a0a282eebc89b6019cb3f39f7767dfcf47e9e97', 4),
(67, 'ea5ec74b26cde4727c23e2da926347180c51faac0a0a282eebc89b6019cb3f39f7767dfcf47e9e97', '2021-09-27 16:07:18', '2021-09-20 16:07:18', '::1', '2021-09-20 16:09:44', '::1', '5e680ef49d1e092d453a5b17f7931a3405b272fb4fadd3c2cf627b3a5a5e18dc3226ddffc86e605b', 4),
(68, '5e680ef49d1e092d453a5b17f7931a3405b272fb4fadd3c2cf627b3a5a5e18dc3226ddffc86e605b', '2021-09-27 16:09:44', '2021-09-20 16:09:44', '::1', '2021-09-20 16:13:26', '::1', '20283acfb76631dd268187e5e1887c8a3d4f8f56b0d15675e2fc452fba713075b0e05b6d7115dd7c', 4),
(69, '20283acfb76631dd268187e5e1887c8a3d4f8f56b0d15675e2fc452fba713075b0e05b6d7115dd7c', '2021-09-27 16:13:26', '2021-09-20 16:13:26', '::1', '2021-09-20 16:23:51', '::1', '327562f05b19c62ab025b6ac720c9bbe08fe871b9e13acfbd9aab8433e1c2627ebd93b756982d424', 4),
(70, '327562f05b19c62ab025b6ac720c9bbe08fe871b9e13acfbd9aab8433e1c2627ebd93b756982d424', '2021-09-27 16:23:51', '2021-09-20 16:23:51', '::1', '2021-09-20 16:24:04', '::1', '754929be8552441a6823330ff8b80d401342d66432ba692edd1c472ac668d76be91350fb34dd2921', 4),
(71, '754929be8552441a6823330ff8b80d401342d66432ba692edd1c472ac668d76be91350fb34dd2921', '2021-09-27 16:24:04', '2021-09-20 16:24:04', '::1', '2021-09-20 16:25:43', '::1', 'be644cdc384496fdff74adc274ff08d8ec474476f7c85e25d1a0c4bec407fc68ca2e32b6db7be6b6', 4),
(72, 'be644cdc384496fdff74adc274ff08d8ec474476f7c85e25d1a0c4bec407fc68ca2e32b6db7be6b6', '2021-09-27 16:25:43', '2021-09-20 16:25:43', '::1', '2021-09-20 16:32:11', '::1', '9ce04618e4ffed4d3707d08fb21c8cec50aaeb70714396662dc6b68e68c33f9f82aa09e84d334af3', 4),
(73, '9ce04618e4ffed4d3707d08fb21c8cec50aaeb70714396662dc6b68e68c33f9f82aa09e84d334af3', '2021-09-27 16:32:11', '2021-09-20 16:32:11', '::1', '2021-09-20 16:33:26', '::1', '137485575f4ba1c3e15c112f971baf8d379bb3f8fcd88a768105f60b720f6262ce5a6d162511c1a3', 4),
(74, '137485575f4ba1c3e15c112f971baf8d379bb3f8fcd88a768105f60b720f6262ce5a6d162511c1a3', '2021-09-27 16:33:26', '2021-09-20 16:33:26', '::1', '2021-09-20 16:33:58', '::1', '491ff16dd854f5667d164caf7b5e96f3b2851ae164036743be92838595f58fa3bb4ff38adc028136', 4),
(75, '491ff16dd854f5667d164caf7b5e96f3b2851ae164036743be92838595f58fa3bb4ff38adc028136', '2021-09-27 16:33:58', '2021-09-20 16:33:58', '::1', '2021-09-20 16:36:04', '::1', 'dfd394ab07e4fac68239a07fb1801d66bddac054f88edfae40fc6d8887daa5a8c76233ab6933e128', 4),
(76, 'dfd394ab07e4fac68239a07fb1801d66bddac054f88edfae40fc6d8887daa5a8c76233ab6933e128', '2021-09-27 16:36:04', '2021-09-20 16:36:04', '::1', '2021-09-20 16:36:04', '::1', '34c382c3836c97eb947120c09d5197aeb0c8d9b3eda3533730478236244b2615355ce696d18db247', 4),
(77, '34c382c3836c97eb947120c09d5197aeb0c8d9b3eda3533730478236244b2615355ce696d18db247', '2021-09-27 16:36:04', '2021-09-20 16:36:04', '::1', '2021-09-20 16:36:52', '::1', '39ecf4fc053360204663bbe0b6635cf1a78d54a4dda33383cbb10e9d8c87b2e3dad4bdb31d8ee8ab', 4),
(78, '39ecf4fc053360204663bbe0b6635cf1a78d54a4dda33383cbb10e9d8c87b2e3dad4bdb31d8ee8ab', '2021-09-27 16:36:52', '2021-09-20 16:36:52', '::1', '2021-09-20 16:37:09', '::1', 'ae3d68ed82e81b16e1675dbd3b6cc0573412ed60dda83a7417bece4e7a7952578c0a760137da6332', 4),
(79, 'ae3d68ed82e81b16e1675dbd3b6cc0573412ed60dda83a7417bece4e7a7952578c0a760137da6332', '2021-09-27 16:37:09', '2021-09-20 16:37:09', '::1', '2021-09-20 16:38:10', '::1', '371ed5700460c828efde3ec7711905d457a81236e49b62ad6d1e18ef766292f9f7337c3830de1b32', 4),
(80, '371ed5700460c828efde3ec7711905d457a81236e49b62ad6d1e18ef766292f9f7337c3830de1b32', '2021-09-27 16:38:10', '2021-09-20 16:38:10', '::1', '2021-09-20 16:42:43', '::1', '641383e0761dc3217b7829d45bdb77a0b89f1741ea6a34441fc8def13ade9ace54342f39c81bcdab', 4),
(81, '641383e0761dc3217b7829d45bdb77a0b89f1741ea6a34441fc8def13ade9ace54342f39c81bcdab', '2021-09-27 16:42:43', '2021-09-20 16:42:43', '::1', '2021-09-20 16:42:50', '::1', '301a6c2401e5259bbfd2e48fd566977b45bb60098f7f0686852b02d1920819904e9103b87d4f3528', 4),
(82, '301a6c2401e5259bbfd2e48fd566977b45bb60098f7f0686852b02d1920819904e9103b87d4f3528', '2021-09-27 16:42:50', '2021-09-20 16:42:50', '::1', '2021-09-20 16:46:08', '::1', '0e0f66ed2b41f27605e730d5e4b6a92ff4d5275e683b9047b5c32afe910532607782049d3f4d1e94', 4),
(83, '0e0f66ed2b41f27605e730d5e4b6a92ff4d5275e683b9047b5c32afe910532607782049d3f4d1e94', '2021-09-27 16:46:08', '2021-09-20 16:46:08', '::1', '2021-09-20 16:46:50', '::1', '462a032dfa89c37a6eeeaba6240ae82bbb1dab0c3e38721834133ebae7432289757d314d79c2635f', 4),
(84, '462a032dfa89c37a6eeeaba6240ae82bbb1dab0c3e38721834133ebae7432289757d314d79c2635f', '2021-09-27 16:46:50', '2021-09-20 16:46:50', '::1', '2021-09-20 16:48:15', '::1', 'd4198b9e5a84b5363f34a6281ea12bfbfcd830d7058625b51daf56c55982f2e1e906482805756c1d', 4),
(85, 'd4198b9e5a84b5363f34a6281ea12bfbfcd830d7058625b51daf56c55982f2e1e906482805756c1d', '2021-09-27 16:48:15', '2021-09-20 16:48:15', '::1', '2021-09-20 16:52:10', '::1', 'db7c73eae56e45aa22ab8617d19906ed884ae298e0ffaccdcdf337fcc5b0e9af268fbc6b30223272', 4),
(86, 'db7c73eae56e45aa22ab8617d19906ed884ae298e0ffaccdcdf337fcc5b0e9af268fbc6b30223272', '2021-09-27 16:52:10', '2021-09-20 16:52:10', '::1', '2021-09-20 16:52:57', '::1', NULL, 4),
(87, '05e260c546541859143bf8775eb93714f79e032151cb52dde064e697e0d1513fa4933548e5750728', '2021-09-27 16:53:03', '2021-09-20 16:53:03', '::1', '2021-09-20 16:53:09', '::1', NULL, 4),
(88, '013a0caf89326ea6f687826c4bfc1277485513d20b0c786f8a224dab63214aa1e374466ba263ecf6', '2021-09-27 16:53:14', '2021-09-20 16:53:14', '::1', '2021-09-20 16:53:24', '::1', NULL, 4),
(89, '0c5b29f0e9b9dd5a77d473a35f8091b6f55d24e5f973aa5e0ac70e03fc03ab71dbec4258816ef9cb', '2021-09-27 16:53:59', '2021-09-20 16:53:59', '::1', '2021-09-20 16:54:33', '::1', NULL, 4),
(90, '5577181caccb88c5fa85cd65a59d3b99766a865834db6501e3e9cf9dc2b84994e315af5cf2357a85', '2021-09-27 17:36:37', '2021-09-20 17:36:37', '::1', '2021-09-20 17:37:53', '::1', '3cf89df03814235c47ae9c40f1099e6446311acfe89da26bec57ac72dc0facd4d2881dc760ff95ab', 8),
(91, '3cf89df03814235c47ae9c40f1099e6446311acfe89da26bec57ac72dc0facd4d2881dc760ff95ab', '2021-09-27 17:37:53', '2021-09-20 17:37:53', '::1', '2021-09-20 17:38:15', '::1', 'e2668e85d9689c01187e113396c6b40b5f696124e30227e886275d5ff3919f8802a303408f4a1d8c', 8),
(92, 'e2668e85d9689c01187e113396c6b40b5f696124e30227e886275d5ff3919f8802a303408f4a1d8c', '2021-09-27 17:38:15', '2021-09-20 17:38:15', '::1', '2021-09-20 17:38:28', '::1', '78bf1677fcdfcf4bb895804a4f8bc10e2114270dfc4afa7a68a7fcddfa7030eb21c990ec23b4e317', 8),
(93, '78bf1677fcdfcf4bb895804a4f8bc10e2114270dfc4afa7a68a7fcddfa7030eb21c990ec23b4e317', '2021-09-27 17:38:28', '2021-09-20 17:38:28', '::1', '2021-09-20 17:40:25', '::1', 'cc1ff555fbb71321e066ea15b16a1831935a5b283a382dcf988cbce4d0ef883045542fe8a0e8afc0', 8),
(94, 'cc1ff555fbb71321e066ea15b16a1831935a5b283a382dcf988cbce4d0ef883045542fe8a0e8afc0', '2021-09-27 17:40:25', '2021-09-20 17:40:25', '::1', '2021-09-20 17:40:53', '::1', 'f7991d4fb2398b433c200314b42ec68f7953ab0e34b1fef0077b815a822f0d97765b2b23c3408287', 8),
(95, 'f7991d4fb2398b433c200314b42ec68f7953ab0e34b1fef0077b815a822f0d97765b2b23c3408287', '2021-09-27 17:40:53', '2021-09-20 17:40:53', '::1', '2021-09-20 17:40:56', '::1', '083d6e0a41b1f12935ad43ddcf5fb4c6bffdfbfbcecf8c0ba880944fae25e52b20cad6311357a084', 8),
(96, '083d6e0a41b1f12935ad43ddcf5fb4c6bffdfbfbcecf8c0ba880944fae25e52b20cad6311357a084', '2021-09-27 17:40:56', '2021-09-20 17:40:56', '::1', '2021-09-20 17:41:02', '::1', '3d561b786c9a530a2574f7812d9538a5269f67ddc7f9c53d373341735985bc5e09e0fda7ed7252c3', 8),
(97, '3d561b786c9a530a2574f7812d9538a5269f67ddc7f9c53d373341735985bc5e09e0fda7ed7252c3', '2021-09-27 17:41:02', '2021-09-20 17:41:02', '::1', '2021-09-20 17:41:05', '::1', '7403d80f87b509331000e8d7fe814b2c424f15018b64fb084c02fb60dd2d94aef85400095e91879d', 8),
(98, '7403d80f87b509331000e8d7fe814b2c424f15018b64fb084c02fb60dd2d94aef85400095e91879d', '2021-09-27 17:41:05', '2021-09-20 17:41:05', '::1', '2021-09-20 17:41:51', '::1', '10923a88b7658f6402e93a8321c0a15cc54f96a301d9315f7a280273874c4df39c00040852f16afb', 8),
(99, '10923a88b7658f6402e93a8321c0a15cc54f96a301d9315f7a280273874c4df39c00040852f16afb', '2021-09-27 17:41:51', '2021-09-20 17:41:51', '::1', '2021-09-20 17:41:54', '::1', 'f0a361ece333a86bdef944b2030e23243b06523efb9a2de1c78340211d7ed68ffdadadd3d3a20980', 8),
(100, 'f0a361ece333a86bdef944b2030e23243b06523efb9a2de1c78340211d7ed68ffdadadd3d3a20980', '2021-09-27 17:41:54', '2021-09-20 17:41:54', '::1', '2021-09-20 17:45:34', '::1', '4b6032aa0f903a4920c0588abd73a6136b2781454999f8aca87146e55219dcb5571659585dac342d', 8),
(101, '14c71295fd19a9ee12abb33d11527f92cf448a0b2eb5c79b397d7ad5e6c41a169e3a4139c628e9cb', '2021-09-27 17:42:51', '2021-09-20 17:42:51', '::1', '2021-09-20 17:45:34', '::1', 'fbebc74081cd08c5b1f154c6b32c368a12e528aa72e61de31ec65d983236ce803423f247451ae291', 8),
(102, '4b6032aa0f903a4920c0588abd73a6136b2781454999f8aca87146e55219dcb5571659585dac342d', '2021-09-27 17:45:34', '2021-09-20 17:45:34', '::1', '2021-09-20 17:45:40', '::1', 'c34e36f2bc40322278633a0106bdf94e8515bccf8f18600a301fc4bf6a9722d29cc485484f04da69', 8),
(103, '36e17583b079a9f1ad27c7f665a2da34615d02826c28c4f46247d51ec3998e18e620fc18ccc6e180', '2021-09-27 17:45:34', '2021-09-20 17:45:34', '::1', NULL, NULL, NULL, 8),
(104, 'fbebc74081cd08c5b1f154c6b32c368a12e528aa72e61de31ec65d983236ce803423f247451ae291', '2021-09-27 17:45:34', '2021-09-20 17:45:34', '::1', '2021-09-20 17:45:40', '::1', '7a04d83d366f9c077805e3a641e740b4c49d9c3b23e97f827e5c355acaf1361bfd1d9e8b48d8a88d', 8),
(105, '7a04d83d366f9c077805e3a641e740b4c49d9c3b23e97f827e5c355acaf1361bfd1d9e8b48d8a88d', '2021-09-27 17:45:40', '2021-09-20 17:45:40', '::1', '2021-09-20 17:45:40', '::1', 'c348f993f1a9b1da59942192610b852ab2c66b85d93adb67ce72b980db94daa60040e86ae3c7082b', 8),
(106, 'c34e36f2bc40322278633a0106bdf94e8515bccf8f18600a301fc4bf6a9722d29cc485484f04da69', '2021-09-27 17:45:40', '2021-09-20 17:45:40', '::1', '2021-09-20 17:45:44', '::1', '9918d568a6e88a4774db811a447b52b1dfcd6ea6782d4fc8520fce440cbcbca160eef8e1327c1a1c', 8),
(107, 'c348f993f1a9b1da59942192610b852ab2c66b85d93adb67ce72b980db94daa60040e86ae3c7082b', '2021-09-27 17:45:40', '2021-09-20 17:45:40', '::1', '2021-09-20 17:45:44', '::1', '80f991903530d14bc8f2360fefce8ff85d146a6ad55b1bdde7b305123ea94e65607be2b5abcc7ef8', 8),
(108, '80f991903530d14bc8f2360fefce8ff85d146a6ad55b1bdde7b305123ea94e65607be2b5abcc7ef8', '2021-09-27 17:45:44', '2021-09-20 17:45:44', '::1', '2021-09-20 17:45:44', '::1', 'c3293ceef969defd25299810c44d29ab3a0cb7569302da03390ca6319fc95b4ecedf556a750679bd', 8),
(109, '9918d568a6e88a4774db811a447b52b1dfcd6ea6782d4fc8520fce440cbcbca160eef8e1327c1a1c', '2021-09-27 17:45:44', '2021-09-20 17:45:44', '::1', '2021-09-20 17:59:44', '::1', '870afaa9dca7c0753d21773c123f2278b50fb14b3fd397b878f78b266ca0da8059697f453890803f', 8),
(110, 'c3293ceef969defd25299810c44d29ab3a0cb7569302da03390ca6319fc95b4ecedf556a750679bd', '2021-09-27 17:45:44', '2021-09-20 17:45:44', '::1', '2021-09-20 17:59:44', '::1', '5934ba242161ed364a61a690702dd6d560d0f2fffbb893ca857ae79ff2e173b9ae8fc401358643ca', 8),
(111, 'b0f25515d636f4d01967200e653a3864b5c0ef28251284179e4c31d6da7fd9fcde6250b3bc8f613c', '2021-09-27 17:59:44', '2021-09-20 17:59:44', '::1', NULL, NULL, NULL, 8),
(112, '5934ba242161ed364a61a690702dd6d560d0f2fffbb893ca857ae79ff2e173b9ae8fc401358643ca', '2021-09-27 17:59:44', '2021-09-20 17:59:44', '::1', '2021-09-20 18:04:26', '::1', '6d93b12356879ae2dc742fbba42ff8f77c151028c1c15b1cbe49755c126d1297306e66b2cbd9bb46', 8),
(113, '870afaa9dca7c0753d21773c123f2278b50fb14b3fd397b878f78b266ca0da8059697f453890803f', '2021-09-27 17:59:44', '2021-09-20 17:59:44', '::1', '2021-09-20 18:04:26', '::1', '883d07b6351b14001476840f0855adb0acd8f9f108ee16be27abb9633269e70caed766c433960286', 8),
(114, '883d07b6351b14001476840f0855adb0acd8f9f108ee16be27abb9633269e70caed766c433960286', '2021-09-27 18:04:26', '2021-09-20 18:04:26', '::1', '2021-09-20 18:06:16', '::1', 'ed35598fa3b64a5417b8d0be8159be084c00bdd9dc7c54d534351f34802a28adae8f34690bafb676', 8),
(115, '6d93b12356879ae2dc742fbba42ff8f77c151028c1c15b1cbe49755c126d1297306e66b2cbd9bb46', '2021-09-27 18:04:26', '2021-09-20 18:04:26', '::1', '2021-09-20 18:04:39', '::1', 'b5b77d07d32c3ec396ee2064461e0019dc001256fccf5dc4e0ea4a408f25d6fab442eb4219a5ed89', 8),
(116, 'b5b77d07d32c3ec396ee2064461e0019dc001256fccf5dc4e0ea4a408f25d6fab442eb4219a5ed89', '2021-09-27 18:04:39', '2021-09-20 18:04:39', '::1', '2021-09-20 18:04:58', '::1', 'e5ed303486f99d5b688c41ff20ad5b1c972912e52b1e2ad58c29b02b6738bb456040db354649f4f1', 8),
(117, 'e5ed303486f99d5b688c41ff20ad5b1c972912e52b1e2ad58c29b02b6738bb456040db354649f4f1', '2021-09-27 18:04:58', '2021-09-20 18:04:58', '::1', '2021-09-20 18:07:12', '::1', '40784adbc0151db4df849d798ac5929455b8a7a6eefb2d513bafb6440b227691fa81c4eb7d3d29ba', 8),
(118, 'ed35598fa3b64a5417b8d0be8159be084c00bdd9dc7c54d534351f34802a28adae8f34690bafb676', '2021-09-27 18:06:16', '2021-09-20 18:06:16', '::1', '2021-09-20 18:09:31', '::1', 'c78a4c26c9003a62b589ab5156f597e75a7c02531750f2fc95a4942baff1e8ebfd7a498930588735', 8),
(119, '40784adbc0151db4df849d798ac5929455b8a7a6eefb2d513bafb6440b227691fa81c4eb7d3d29ba', '2021-09-27 18:07:12', '2021-09-20 18:07:12', '::1', '2021-09-20 18:07:16', '::1', '8309475df7fc89d6b10893a76170aac4638a4ea5ce774294bb0f0ad08d2f981ad641c0a988210512', 8),
(120, '8309475df7fc89d6b10893a76170aac4638a4ea5ce774294bb0f0ad08d2f981ad641c0a988210512', '2021-09-27 18:07:16', '2021-09-20 18:07:16', '::1', '2021-09-20 18:09:31', '::1', '8bd3bc9b5e53eb764cad59ffaeaf6f2bc1c479081595ac923eb5aeb33b19cdf2d7cf68f78fe4c25c', 8),
(121, '8bd3bc9b5e53eb764cad59ffaeaf6f2bc1c479081595ac923eb5aeb33b19cdf2d7cf68f78fe4c25c', '2021-09-27 18:09:31', '2021-09-20 18:09:31', '::1', '2021-09-20 18:09:31', '::1', '64639f2b301556b04c64933bc60dd4d8c402742538a3a25cc2aee9dde7d6fcf1e8522e877037d319', 8),
(122, 'c78a4c26c9003a62b589ab5156f597e75a7c02531750f2fc95a4942baff1e8ebfd7a498930588735', '2021-09-27 18:09:31', '2021-09-20 18:09:31', '::1', '2021-09-20 18:10:00', '::1', '652f6a24e3c172f445b8d68af8045188f7d7721f73859ea66bbd1c4c8098301620cb3a208bb4b3c6', 8),
(123, '64639f2b301556b04c64933bc60dd4d8c402742538a3a25cc2aee9dde7d6fcf1e8522e877037d319', '2021-09-27 18:09:31', '2021-09-20 18:09:31', '::1', '2021-09-20 18:09:51', '::1', NULL, 8),
(124, '652f6a24e3c172f445b8d68af8045188f7d7721f73859ea66bbd1c4c8098301620cb3a208bb4b3c6', '2021-09-27 18:10:00', '2021-09-20 18:10:00', '::1', '2021-09-20 18:11:40', '::1', '57ae61a3a456966fe58f5c7585ab1c8629a6b21bf0100a5f87ca2f8850e26bd05044700edbb6c762', 8),
(125, '3f0584d8efa65333306fbd44beca8a83cf1876c34869a0e894db96d6f1019e817e2ab2ae9b4f48af', '2021-09-27 18:11:06', '2021-09-20 18:11:06', '::1', '2021-09-20 18:11:11', '::1', '91e571f0177fe76dcc7c0242c01929d8f8f639d49873fe8ac2d357e1d294eda54782859a83777b26', 8),
(126, '91e571f0177fe76dcc7c0242c01929d8f8f639d49873fe8ac2d357e1d294eda54782859a83777b26', '2021-09-27 18:11:11', '2021-09-20 18:11:11', '::1', '2021-09-20 18:11:21', '::1', '5f61f5e46d4b0fe01ba976548597345e34652830e6bbb6049c9f60512e9216cc97c5152b0d33c4b2', 8),
(127, '5f61f5e46d4b0fe01ba976548597345e34652830e6bbb6049c9f60512e9216cc97c5152b0d33c4b2', '2021-09-27 18:11:21', '2021-09-20 18:11:21', '::1', '2021-09-20 18:11:40', '::1', 'f28edc43592dbe1d2d3ef057ebdaa924cb27861f334ca0c177540af949d0749016a2c53e90e0d296', 8),
(128, 'f28edc43592dbe1d2d3ef057ebdaa924cb27861f334ca0c177540af949d0749016a2c53e90e0d296', '2021-09-27 18:11:40', '2021-09-20 18:11:40', '::1', '2021-09-20 18:11:40', '::1', '0a952a2beb97163612c7d65b5f0c8378cb337bab9e51ff5224d930cccf22c73f3fa44d270bfde063', 8),
(129, '0a952a2beb97163612c7d65b5f0c8378cb337bab9e51ff5224d930cccf22c73f3fa44d270bfde063', '2021-09-27 18:11:40', '2021-09-20 18:11:40', '::1', '2021-09-20 18:11:49', '::1', '80c8e8eb863d0132ac23556fad6ba84090a95e03b9e8bc47bc79011fa033e294053fa0d04fb67e05', 8),
(130, '57ae61a3a456966fe58f5c7585ab1c8629a6b21bf0100a5f87ca2f8850e26bd05044700edbb6c762', '2021-09-27 18:11:40', '2021-09-20 18:11:40', '::1', '2021-09-20 18:11:49', '::1', 'e793ea7ad41a16b7c7af03c6f8f3fa190f6da4de702bfe47d9da40a6aa29430f6b425e5ac01e522d', 8),
(131, 'e793ea7ad41a16b7c7af03c6f8f3fa190f6da4de702bfe47d9da40a6aa29430f6b425e5ac01e522d', '2021-09-27 18:11:49', '2021-09-20 18:11:49', '::1', '2021-09-20 18:11:58', '::1', '4c6ed47242e6f8109f78eb878384f736659390bdd8ae85c0084ef5cca79fa172d5797ad84dba0a99', 8),
(132, '80c8e8eb863d0132ac23556fad6ba84090a95e03b9e8bc47bc79011fa033e294053fa0d04fb67e05', '2021-09-27 18:11:49', '2021-09-20 18:11:49', '::1', '2021-09-20 18:11:49', '::1', '2dbae0c37c82a6c0ee2549ff58b314fae6cdbe776ea1d07232fda075b1909d8c4c1e9066acde512c', 8),
(133, '2dbae0c37c82a6c0ee2549ff58b314fae6cdbe776ea1d07232fda075b1909d8c4c1e9066acde512c', '2021-09-27 18:11:49', '2021-09-20 18:11:49', '::1', '2021-09-20 18:11:58', '::1', 'f8f8272183b8e1a4ec0e63d6616624c10c1e4dab6d7f3d36e3fb6e07dc2d656111859d69a3d3a3da', 8),
(134, 'f8f8272183b8e1a4ec0e63d6616624c10c1e4dab6d7f3d36e3fb6e07dc2d656111859d69a3d3a3da', '2021-09-27 18:11:58', '2021-09-20 18:11:58', '::1', '2021-09-20 18:12:11', '::1', '8f335780f2e908904c4d1bcbc6a0f8e5dbb9c7b58793ccee3f245018921b1e09531cbf622ed5694d', 8),
(135, '4c6ed47242e6f8109f78eb878384f736659390bdd8ae85c0084ef5cca79fa172d5797ad84dba0a99', '2021-09-27 18:11:58', '2021-09-20 18:11:58', '::1', '2021-09-20 18:12:11', '::1', '28535a88e8f209b7df1523406970f0450b15f2388d907fbf6519ad234a8d6d4f135739f71cd3228b', 8),
(136, '28535a88e8f209b7df1523406970f0450b15f2388d907fbf6519ad234a8d6d4f135739f71cd3228b', '2021-09-27 18:12:11', '2021-09-20 18:12:11', '::1', '2021-09-20 18:12:16', '::1', 'fe9834dec9884de2061286eb2e4abd033c723a0864a8eec9073f70af6e80738f30743df4586d6ba9', 8),
(137, '5e733b117faab0caa049bc4deb4b81abd16da36a1b37c12673c22ff41d743a0a0a382d41bbefe638', '2021-09-27 18:12:11', '2021-09-20 18:12:11', '::1', NULL, NULL, NULL, 8),
(138, '8f335780f2e908904c4d1bcbc6a0f8e5dbb9c7b58793ccee3f245018921b1e09531cbf622ed5694d', '2021-09-27 18:12:11', '2021-09-20 18:12:11', '::1', '2021-09-20 18:12:16', '::1', 'fe757b6816e16f506a8130c900c63146167a169312a3e4b9354111b5ed823b83efc4cd1fb5beb66b', 8),
(139, 'fe757b6816e16f506a8130c900c63146167a169312a3e4b9354111b5ed823b83efc4cd1fb5beb66b', '2021-09-27 18:12:16', '2021-09-20 18:12:16', '::1', '2021-09-20 18:12:16', '::1', '4240435723f3690cfb847a50821c01530730a0a2bbbfb88e08fe9431727576d488231d714a90f2b6', 8),
(140, 'fe9834dec9884de2061286eb2e4abd033c723a0864a8eec9073f70af6e80738f30743df4586d6ba9', '2021-09-27 18:12:16', '2021-09-20 18:12:16', '::1', '2021-09-20 18:12:19', '::1', 'da05d596760e7a1bd1e09fb455ff843124ab91b65d9978c3e72d0158aabfc0c9bd4f276a6a9f1ac1', 8),
(141, '4240435723f3690cfb847a50821c01530730a0a2bbbfb88e08fe9431727576d488231d714a90f2b6', '2021-09-27 18:12:16', '2021-09-20 18:12:16', '::1', '2021-09-20 18:12:19', '::1', '07417350bf03965edfd8c384dc6db894c84aebc6e5587e3927d2731422b0420f82eb1b8ec10287a3', 8),
(142, 'da05d596760e7a1bd1e09fb455ff843124ab91b65d9978c3e72d0158aabfc0c9bd4f276a6a9f1ac1', '2021-09-27 18:12:19', '2021-09-20 18:12:19', '::1', '2021-09-20 18:12:25', '::1', '2da1846ca860bb8540acf4918c763c21c00a4ad2dbbe0bcc49bc7674287df4e02ac456873e1946d7', 8),
(143, '07417350bf03965edfd8c384dc6db894c84aebc6e5587e3927d2731422b0420f82eb1b8ec10287a3', '2021-09-27 18:12:19', '2021-09-20 18:12:19', '::1', '2021-09-20 18:12:19', '::1', '2d4c6b557155b76f0fd50a5d226e358e12bbfa29d91fe85c43da514b81edbe78073e91cce5546adc', 8),
(144, '2d4c6b557155b76f0fd50a5d226e358e12bbfa29d91fe85c43da514b81edbe78073e91cce5546adc', '2021-09-27 18:12:19', '2021-09-20 18:12:19', '::1', '2021-09-20 18:12:26', '::1', '31d7759d39dddd5319b6aa998dfad4b65c2ffbb758c7c605e54c8a8fde791d5f85c8413e7edf499f', 8),
(145, '2da1846ca860bb8540acf4918c763c21c00a4ad2dbbe0bcc49bc7674287df4e02ac456873e1946d7', '2021-09-27 18:12:25', '2021-09-20 18:12:25', '::1', '2021-09-20 18:12:42', '::1', '3ed5f5d8947b9d69036c9845a7a7f92133950687577a0bd0682ceebedbf358297d44912c87edc363', 8),
(146, '31d7759d39dddd5319b6aa998dfad4b65c2ffbb758c7c605e54c8a8fde791d5f85c8413e7edf499f', '2021-09-27 18:12:26', '2021-09-20 18:12:26', '::1', '2021-09-20 18:12:26', '::1', '68e9bb0a31cbaaa87e89c049cc70bf9777fe65f5ca50dd8eec9b5e307466143cc7904c3250a04235', 8),
(147, '68e9bb0a31cbaaa87e89c049cc70bf9777fe65f5ca50dd8eec9b5e307466143cc7904c3250a04235', '2021-09-27 18:12:26', '2021-09-20 18:12:26', '::1', '2021-09-20 18:12:42', '::1', '60371b4541c9f38ebd4e994e5163fcf6a891bc484c6c516c80f4ecd49d1de0ba7c5aaf3ea85a0df6', 8),
(148, '60371b4541c9f38ebd4e994e5163fcf6a891bc484c6c516c80f4ecd49d1de0ba7c5aaf3ea85a0df6', '2021-09-27 18:12:42', '2021-09-20 18:12:42', '::1', '2021-09-20 18:12:42', '::1', '1629a2f60e1cbf3c9aa60bb93585c75c8822f28d45056aac654955f2acc6f350b0de7e9931746b3d', 8),
(149, '3ed5f5d8947b9d69036c9845a7a7f92133950687577a0bd0682ceebedbf358297d44912c87edc363', '2021-09-27 18:12:42', '2021-09-20 18:12:42', '::1', '2021-09-20 18:13:00', '::1', 'b36d1a1a4a6bcb469a2695892005bdfc159fdb6a6fe56be9db663ca3d616ebe58f6d7b45d3c59f34', 8),
(150, '1629a2f60e1cbf3c9aa60bb93585c75c8822f28d45056aac654955f2acc6f350b0de7e9931746b3d', '2021-09-27 18:12:42', '2021-09-20 18:12:42', '::1', '2021-09-20 18:13:00', '::1', '2ebbfb4ffec60c872b094357f16930ba528c54dfcbc26f8172b847a04280fb0e80ff74fb86bc3951', 8),
(151, '2ebbfb4ffec60c872b094357f16930ba528c54dfcbc26f8172b847a04280fb0e80ff74fb86bc3951', '2021-09-27 18:13:00', '2021-09-20 18:13:00', '::1', '2021-09-20 18:13:00', '::1', '608008dc5bc2053519846b5506f02744731e2e6686b5fed45e8d13d3c86d2d9331daf6706c8cb500', 8),
(152, 'b36d1a1a4a6bcb469a2695892005bdfc159fdb6a6fe56be9db663ca3d616ebe58f6d7b45d3c59f34', '2021-09-27 18:13:00', '2021-09-20 18:13:00', '::1', '2021-09-20 18:13:06', '::1', '83746eedf488ae8666c0255d00a8afd15abfba47cddacee5588abf76d78ea95a841f715c83382c8c', 8),
(153, '608008dc5bc2053519846b5506f02744731e2e6686b5fed45e8d13d3c86d2d9331daf6706c8cb500', '2021-09-27 18:13:00', '2021-09-20 18:13:00', '::1', '2021-09-20 18:13:07', '::1', 'eeed018e44ad8eccf00e4bf41fa9738143019d4173226abe8d714b9b96b27bc32e87cc48fe1ec12f', 8),
(154, '83746eedf488ae8666c0255d00a8afd15abfba47cddacee5588abf76d78ea95a841f715c83382c8c', '2021-09-27 18:13:06', '2021-09-20 18:13:06', '::1', '2021-09-20 18:13:14', '::1', '08feae1c7ef11dba9b63333e23366da0f1c16333329066abcebd49198e0ac07c45679c5242032936', 8),
(155, 'eeed018e44ad8eccf00e4bf41fa9738143019d4173226abe8d714b9b96b27bc32e87cc48fe1ec12f', '2021-09-27 18:13:07', '2021-09-20 18:13:07', '::1', '2021-09-20 18:13:07', '::1', 'd982ed8843a1bd6046a47be1a703cd88435bf3c6ef64aa96b973cdb87acf65175d3029203341a7d1', 8),
(156, 'd982ed8843a1bd6046a47be1a703cd88435bf3c6ef64aa96b973cdb87acf65175d3029203341a7d1', '2021-09-27 18:13:07', '2021-09-20 18:13:07', '::1', '2021-09-20 18:13:14', '::1', 'a8315faf3b61a0b12c335f14e7924bd4a34734ef1a412b79d920e6ef7caf4e43233d6dd361f8dad9', 8),
(157, 'a8315faf3b61a0b12c335f14e7924bd4a34734ef1a412b79d920e6ef7caf4e43233d6dd361f8dad9', '2021-09-27 18:13:14', '2021-09-20 18:13:14', '::1', '2021-09-20 18:13:14', '::1', '3b33fbbcd3669a2d28fc35ec3091b6a9055acbb8a7afa0ffe2cbc7ce34705eb0d92c6fb75dd5351e', 8),
(158, '08feae1c7ef11dba9b63333e23366da0f1c16333329066abcebd49198e0ac07c45679c5242032936', '2021-09-27 18:13:14', '2021-09-20 18:13:14', '::1', '2021-09-20 18:18:16', '::1', 'cc12b9dafe7fd073639a07177c3da793c771445468ca68dac15f1c953a9134589798367e7957a8cb', 8),
(159, '3b33fbbcd3669a2d28fc35ec3091b6a9055acbb8a7afa0ffe2cbc7ce34705eb0d92c6fb75dd5351e', '2021-09-27 18:13:14', '2021-09-20 18:13:14', '::1', '2021-09-20 18:14:39', '::1', NULL, 8),
(160, 'cc12b9dafe7fd073639a07177c3da793c771445468ca68dac15f1c953a9134589798367e7957a8cb', '2021-09-27 18:18:16', '2021-09-20 18:18:16', '::1', '2021-09-20 18:24:24', '::1', 'a7b8b1aecefe19b593db3173569d82e2a1ec7323ec96090977c2003e5cc4b8bc03a0017d5cab29b6', 8),
(161, 'a7b8b1aecefe19b593db3173569d82e2a1ec7323ec96090977c2003e5cc4b8bc03a0017d5cab29b6', '2021-09-27 18:24:24', '2021-09-20 18:24:24', '::1', '2021-09-20 18:26:44', '::1', NULL, 8),
(162, '877af7cd420f42c490813bbdbf8bc561e6fd93d966e7c83fad297ad9aab8a49fe9f1a406c7dfdb4c', '2021-09-27 18:28:35', '2021-09-20 18:28:35', '::1', '2021-09-20 18:29:42', '::1', 'a8b78bd5d80e97df518ac0c0db6af211c5167ade482ebb5cfc99329bf269ba17ec4d860373ffe1aa', 3),
(163, 'a8b78bd5d80e97df518ac0c0db6af211c5167ade482ebb5cfc99329bf269ba17ec4d860373ffe1aa', '2021-09-27 18:29:42', '2021-09-20 18:29:42', '::1', '2021-09-20 18:29:42', '::1', '19a30626aa62316ffffff07eed01897a5f226c5e6fa94deb82d60f0a35dcb6aaea1d4e6e173900d7', 3),
(164, '19a30626aa62316ffffff07eed01897a5f226c5e6fa94deb82d60f0a35dcb6aaea1d4e6e173900d7', '2021-09-27 18:29:42', '2021-09-20 18:29:42', '::1', '2021-09-20 18:35:06', '::1', '5079749f5baa854b5478511b8e1a6ea60e67281dcbff0eddb29f7c3900a62f0158d99a3b32a46735', 3),
(165, '5079749f5baa854b5478511b8e1a6ea60e67281dcbff0eddb29f7c3900a62f0158d99a3b32a46735', '2021-09-27 18:35:06', '2021-09-20 18:35:06', '::1', '2021-09-20 18:38:18', '::1', '4baee6d68560b07e1ab78a7caabf194efae57d74ebcc0f0f966029ca4ed873020b2469a125317132', 3),
(166, '4baee6d68560b07e1ab78a7caabf194efae57d74ebcc0f0f966029ca4ed873020b2469a125317132', '2021-09-27 18:38:18', '2021-09-20 18:38:18', '::1', '2021-09-20 18:38:35', '::1', NULL, 3),
(167, '7cf90ce14e87594b18f991e863b4b91c990c98e1b7bf85052d41f8c912219f00652eebd6dc8aac00', '2021-09-27 18:38:41', '2021-09-20 18:38:41', '::1', '2021-09-20 18:39:56', '::1', '32c9de5e8a69c2b493425383bf2f631b8c2c601868aa25a5671643d1e7d416929d30370d41c1cadc', 3),
(168, '32c9de5e8a69c2b493425383bf2f631b8c2c601868aa25a5671643d1e7d416929d30370d41c1cadc', '2021-09-27 18:39:56', '2021-09-20 18:39:56', '::1', '2021-09-20 18:40:07', '::1', '85a56d287f83505bdd88b6cefcf3908286dea19b47c05495cd0b4f368ec6f3f0aaf68dbb9c42729e', 3),
(169, '85a56d287f83505bdd88b6cefcf3908286dea19b47c05495cd0b4f368ec6f3f0aaf68dbb9c42729e', '2021-09-27 18:40:07', '2021-09-20 18:40:07', '::1', '2021-09-20 18:40:52', '::1', '278bc30ae3b34a4ac9019b96d49171ed589446e3143d1f304659e631f056a546a2e8fc379fc5ba5a', 3),
(170, '278bc30ae3b34a4ac9019b96d49171ed589446e3143d1f304659e631f056a546a2e8fc379fc5ba5a', '2021-09-27 18:40:52', '2021-09-20 18:40:52', '::1', '2021-09-20 18:45:29', '::1', 'a69b1181380b6f67ed3a52682259bd2d099083830ab5c38938ca677a428d85a552c526a7bc71850c', 3),
(171, 'a69b1181380b6f67ed3a52682259bd2d099083830ab5c38938ca677a428d85a552c526a7bc71850c', '2021-09-27 18:45:29', '2021-09-20 18:45:29', '::1', '2021-09-20 18:46:47', '::1', 'a29b0a25e19a20f6f127f2ae7789f68a6dafedfa605777abe543b8916fce2b8344de13e7c1abd09b', 3),
(172, 'a29b0a25e19a20f6f127f2ae7789f68a6dafedfa605777abe543b8916fce2b8344de13e7c1abd09b', '2021-09-27 18:46:47', '2021-09-20 18:46:47', '::1', '2021-09-20 18:48:18', '::1', '97811a073abe9567943a0f7133deb78b4641e86f9689268fbec79bf04fff87e3903b8aaf3005e06a', 3),
(173, '97811a073abe9567943a0f7133deb78b4641e86f9689268fbec79bf04fff87e3903b8aaf3005e06a', '2021-09-27 18:48:18', '2021-09-20 18:48:18', '::1', '2021-09-20 18:48:33', '::1', '4f91db1c12c4d7a8a1e02a8fb7cc1ed59175e2e6db3190733d83f091cb382cd6956afcb7cf1717ae', 3),
(174, '4f91db1c12c4d7a8a1e02a8fb7cc1ed59175e2e6db3190733d83f091cb382cd6956afcb7cf1717ae', '2021-09-27 18:48:33', '2021-09-20 18:48:33', '::1', '2021-09-20 18:48:45', '::1', '3892658b488a65b8ef0cfffee932c0228b6f73f5bb6a08ca8726bf4fb08cf1cf08ba9c32ee63dc25', 3),
(175, '3892658b488a65b8ef0cfffee932c0228b6f73f5bb6a08ca8726bf4fb08cf1cf08ba9c32ee63dc25', '2021-09-27 18:48:45', '2021-09-20 18:48:45', '::1', '2021-09-20 18:49:55', '::1', '776fc232f1a078e423dd888d771d80f3d4d6bb2cf1f3f425893d365e923b33fa0573c7b5986f16b1', 3),
(176, '776fc232f1a078e423dd888d771d80f3d4d6bb2cf1f3f425893d365e923b33fa0573c7b5986f16b1', '2021-09-27 18:49:55', '2021-09-20 18:49:55', '::1', '2021-09-20 18:50:38', '::1', '834a48d235ddef90d9fe4ee77e7c1a7283836898ef8c08d8499525b16a29269e2b60832a9c12caa1', 3),
(177, '834a48d235ddef90d9fe4ee77e7c1a7283836898ef8c08d8499525b16a29269e2b60832a9c12caa1', '2021-09-27 18:50:38', '2021-09-20 18:50:38', '::1', '2021-09-20 18:52:00', '::1', 'acf77f92fdb6ba027c68ebd5b62c999b06283cf7dee4a8e2f66d84d2f5cd618acd00d8962dad67cb', 3),
(178, 'acf77f92fdb6ba027c68ebd5b62c999b06283cf7dee4a8e2f66d84d2f5cd618acd00d8962dad67cb', '2021-09-27 18:52:00', '2021-09-20 18:52:00', '::1', '2021-09-20 18:53:25', '::1', 'c77ff718b993ef8c8569362bd5ab95e3e91235cf68f03ceb065dd544016520f109c7f19287e6e8a7', 3),
(179, 'c77ff718b993ef8c8569362bd5ab95e3e91235cf68f03ceb065dd544016520f109c7f19287e6e8a7', '2021-09-27 18:53:25', '2021-09-20 18:53:25', '::1', '2021-09-20 18:55:20', '::1', '9ec8066e5b88f9fc2cf7190caf0cb806148d61ee0bf34532fb44e05265238960befb03711bad5a37', 3),
(180, '9ec8066e5b88f9fc2cf7190caf0cb806148d61ee0bf34532fb44e05265238960befb03711bad5a37', '2021-09-27 18:55:20', '2021-09-20 18:55:20', '::1', '2021-09-20 18:55:43', '::1', '9c8f27574783112c67ac03a8b22536a1a98c89bddd3f0c7af8ba43d24a1351b17ce56ba2a2678002', 3),
(181, '9c8f27574783112c67ac03a8b22536a1a98c89bddd3f0c7af8ba43d24a1351b17ce56ba2a2678002', '2021-09-27 18:55:43', '2021-09-20 18:55:43', '::1', '2021-09-20 18:55:43', '::1', 'ffde4777844754e5a6bb171e1146ea589597721b92b023c156e600ac5f81bb3698b2d3db892cdd6c', 3),
(182, 'ffde4777844754e5a6bb171e1146ea589597721b92b023c156e600ac5f81bb3698b2d3db892cdd6c', '2021-09-27 18:55:43', '2021-09-20 18:55:43', '::1', '2021-09-20 18:55:50', '::1', 'b2701d372c35a84bf3e08d2abd1f8e3afdb57a971a0d53e6dfc28e456470a30f7f63ca48a74928e3', 3),
(183, 'b2701d372c35a84bf3e08d2abd1f8e3afdb57a971a0d53e6dfc28e456470a30f7f63ca48a74928e3', '2021-09-27 18:55:50', '2021-09-20 18:55:50', '::1', '2021-09-20 18:55:50', '::1', '6cf723a6a9b2ee685ed4eb2c3de78d72016a6578014a12ec888e5c7982fba84b08315eade6941013', 3),
(184, '6cf723a6a9b2ee685ed4eb2c3de78d72016a6578014a12ec888e5c7982fba84b08315eade6941013', '2021-09-27 18:55:50', '2021-09-20 18:55:50', '::1', '2021-09-20 18:55:59', '::1', '604ba205a77be2ad7def68bd4792a1c6f39be7440392c17164d8398e84d4e0f3dea182cfb0493cd4', 3),
(185, '604ba205a77be2ad7def68bd4792a1c6f39be7440392c17164d8398e84d4e0f3dea182cfb0493cd4', '2021-09-27 18:55:59', '2021-09-20 18:55:59', '::1', '2021-09-20 18:56:01', '::1', NULL, 3),
(186, '6d931bb655faaeaad96baf504ede76c05289bdc28a099cb6928aeaa91335b438d57ac96b28b155fc', '2021-09-27 18:56:10', '2021-09-20 18:56:10', '::1', '2021-09-20 18:59:59', '::1', NULL, 4),
(187, '979af880ff4db9b41884da2c9ef8228fef1c0c528ba12beac01d8650dd86e7a15fa31c3d7e75c047', '2021-09-27 19:13:26', '2021-09-20 19:13:26', '::1', '2021-09-20 19:27:26', '::1', '7803c6304e26c63899a0b17efe2e0a0dc4f90a2c176f80a8e81f15b948f096af86f1db3d025ba93f', 4),
(188, '7e67820fdfb6f35340ad3353bc6d20b18c3252e58b87e135c652e0c148f1648bdcabb6e83dfeb0fa', '2021-09-27 19:16:13', '2021-09-20 19:16:13', '::1', '2021-09-20 19:18:20', '::1', NULL, 4),
(189, '15fa47a8912068e8e89d8802e47a91e338d30fa6969b5742b8affe5ad8a9b6e8761779988ce14bf4', '2021-09-27 19:18:33', '2021-09-20 19:18:33', '::1', '2021-09-20 19:19:41', '::1', '0f33a72ed23fd006d801e911a303ff8651b784e1ce6851f7cdb7a354292c3d3d922780f8e3c62089', 4),
(190, '0f33a72ed23fd006d801e911a303ff8651b784e1ce6851f7cdb7a354292c3d3d922780f8e3c62089', '2021-09-27 19:19:41', '2021-09-20 19:19:41', '::1', '2021-09-20 19:33:41', '::1', 'e888e0beb1cf18e62b46a3498faf81715eb4d0b2aac276c7e09dc11739606380f30d203b8cda0803', 4),
(191, '7803c6304e26c63899a0b17efe2e0a0dc4f90a2c176f80a8e81f15b948f096af86f1db3d025ba93f', '2021-09-27 19:27:26', '2021-09-20 19:27:26', '::1', '2021-09-20 19:41:26', '::1', 'd0e456412e93eea211e2d3824a98e0c8874c27390169beaa52952eb8311eb987118d7154e67ad276', 4),
(192, 'e888e0beb1cf18e62b46a3498faf81715eb4d0b2aac276c7e09dc11739606380f30d203b8cda0803', '2021-09-27 19:33:41', '2021-09-20 19:33:41', '::1', '2021-09-20 19:38:02', '::1', 'fcc85ce4dd562d4026e7d855094f6683974cbd29e9a2582d2b3924d90c13fd153a9fbd48a2fa073b', 4),
(193, 'fcc85ce4dd562d4026e7d855094f6683974cbd29e9a2582d2b3924d90c13fd153a9fbd48a2fa073b', '2021-09-27 19:38:02', '2021-09-20 19:38:02', '::1', '2021-09-20 19:41:27', '::1', '82db1d56bd3b5e98236ff3f7c3a75963881853f41f5a5c766d8f81dec6a7800210cdfbcfbe5ecec5', 4),
(194, 'd0e456412e93eea211e2d3824a98e0c8874c27390169beaa52952eb8311eb987118d7154e67ad276', '2021-09-27 19:41:26', '2021-09-20 19:41:26', '::1', '2021-09-20 19:50:50', '::1', '138af9480c28d9dd5bda8d1fb1b20f76566c51b6e96584e6c3c2e8c82383cb4ef0b64c789b0f213d', 4),
(195, '82db1d56bd3b5e98236ff3f7c3a75963881853f41f5a5c766d8f81dec6a7800210cdfbcfbe5ecec5', '2021-09-27 19:41:27', '2021-09-20 19:41:27', '::1', '2021-09-20 19:43:13', '::1', NULL, 4),
(196, '138af9480c28d9dd5bda8d1fb1b20f76566c51b6e96584e6c3c2e8c82383cb4ef0b64c789b0f213d', '2021-09-27 19:50:50', '2021-09-20 19:50:50', '::1', '2021-09-21 02:08:48', '::1', 'b21dfe07bff9ff95d8afced414be37a6d4bd2409b6c8572d0a4d8d64cc1e41d7e8ddbf9a8aeac6f8', 4),
(197, 'b21dfe07bff9ff95d8afced414be37a6d4bd2409b6c8572d0a4d8d64cc1e41d7e8ddbf9a8aeac6f8', '2021-09-28 02:08:48', '2021-09-21 02:08:48', '::1', '2021-09-21 02:08:52', '::1', '46f8595f669f036a8a09f45034e7d23c8c71a713620398c3b0ec875f7fb2e1be0592449f5568ccbb', 4),
(198, '46f8595f669f036a8a09f45034e7d23c8c71a713620398c3b0ec875f7fb2e1be0592449f5568ccbb', '2021-09-28 02:08:52', '2021-09-21 02:08:52', '::1', '2021-09-21 02:09:28', '::1', '9952d9f28860762a104de9b6059b8dac287630840568ad5fa3f12b0047999bd90590d57f2b5a1642', 4),
(199, '9952d9f28860762a104de9b6059b8dac287630840568ad5fa3f12b0047999bd90590d57f2b5a1642', '2021-09-28 02:09:28', '2021-09-21 02:09:28', '::1', '2021-09-21 02:23:28', '::1', '589523b7471b614f75f52859e3fbbf3e87b5c6cf582a2d96efbae28c09b579a3a41551f02255f533', 4),
(200, '4c415566bbe047da9b7581ce373904458f6fad862bd4c398c34f76496ed9c825839e0d8bb8b55a47', '2021-09-28 02:09:49', '2021-09-21 02:09:49', '::1', '2021-09-21 02:20:26', '::1', NULL, 4),
(201, '589523b7471b614f75f52859e3fbbf3e87b5c6cf582a2d96efbae28c09b579a3a41551f02255f533', '2021-09-28 02:23:28', '2021-09-21 02:23:28', '::1', '2021-09-21 02:37:28', '::1', '7f29eb6ae66ee8f0054b7574b17f168c95fb14deb8ad3520fed44be20f1e00b8042753d8081aeace', 4),
(202, '05ed217f079365fa124755e1ddf32a46068d1d642b7199351e37a9c555664629bdd8d4ad389cab5a', '2021-09-28 02:25:38', '2021-09-21 02:25:38', '::1', '2021-09-21 02:39:38', '::1', 'c77ef682a9082b1cb18c7922fc19bddc08a4db1d7c32328e2483e307097d189b384215e4621129e3', 4);
INSERT INTO `refreshtokens` (`id`, `token`, `expires`, `created`, `createdByIp`, `revoked`, `revokedByIp`, `replacedByToken`, `accountId`) VALUES
(203, '7f29eb6ae66ee8f0054b7574b17f168c95fb14deb8ad3520fed44be20f1e00b8042753d8081aeace', '2021-09-28 02:37:28', '2021-09-21 02:37:28', '::1', '2021-09-21 02:51:28', '::1', '0486b8498719d90d3cd4d356769ea149a0c8314b596294f2ba64868298368d6fb514079d3f1eee5f', 4),
(204, 'c77ef682a9082b1cb18c7922fc19bddc08a4db1d7c32328e2483e307097d189b384215e4621129e3', '2021-09-28 02:39:38', '2021-09-21 02:39:38', '::1', '2021-09-21 02:48:02', '::1', '639f29c72581deebbc8b1621ee55433604bbb1a30bde8bef43cdecc1245dea8127339013f3bf596c', 4),
(205, '639f29c72581deebbc8b1621ee55433604bbb1a30bde8bef43cdecc1245dea8127339013f3bf596c', '2021-09-28 02:48:02', '2021-09-21 02:48:02', '::1', '2021-09-21 02:55:22', '::1', '8e38a3dfda9fe8b73393b968e8f8842658863c0cbc8696d7b753741a8bbdb0844f8d5eabfcf7f1da', 4),
(206, '0486b8498719d90d3cd4d356769ea149a0c8314b596294f2ba64868298368d6fb514079d3f1eee5f', '2021-09-28 02:51:28', '2021-09-21 02:51:28', '::1', '2021-09-21 03:02:18', '::1', '82732d1fd94d27975473ec325b72b7518e20cdc79930a5af0a862293f96e045bb9d9b85d2316681e', 4),
(207, '8e38a3dfda9fe8b73393b968e8f8842658863c0cbc8696d7b753741a8bbdb0844f8d5eabfcf7f1da', '2021-09-28 02:55:22', '2021-09-21 02:55:22', '::1', '2021-09-21 02:59:14', '::1', NULL, 4),
(208, '82732d1fd94d27975473ec325b72b7518e20cdc79930a5af0a862293f96e045bb9d9b85d2316681e', '2021-09-28 03:02:18', '2021-09-21 03:02:18', '::1', '2021-09-21 03:08:13', '::1', '35d7e20ada8a4840391f9a51b6b2f56294d195044b41d7a6cb58d7255fcd233aa1b1128e37680895', 4),
(209, '5594ed70b553bcaafc5b3e3bc8e27157b57826a599a8f7e92ff5d21940d1120558decdca7c95005c', '2021-09-28 03:02:33', '2021-09-21 03:02:33', '::1', '2021-09-21 03:08:13', '::1', '74ebf6705b80a61c0234d96625730ed825ae514ff1e2964bac61091b60b7bde30aaa9150274d2c1b', 4),
(210, '74ebf6705b80a61c0234d96625730ed825ae514ff1e2964bac61091b60b7bde30aaa9150274d2c1b', '2021-09-28 03:08:13', '2021-09-21 03:08:13', '::1', '2021-09-21 03:08:13', '::1', 'e2cc186e084c834b68e8a761c366721c7ba39b9048e57072ce658cc5db56afb01493be5538594a25', 4),
(211, '35d7e20ada8a4840391f9a51b6b2f56294d195044b41d7a6cb58d7255fcd233aa1b1128e37680895', '2021-09-28 03:08:13', '2021-09-21 03:08:13', '::1', '2021-09-21 03:08:31', '::1', '1d6fd2c0a8ec5fd836c07f928eba9bcab355e42253e2ad5316201242b32ab9f2bbb44c769a977445', 4),
(212, 'e2cc186e084c834b68e8a761c366721c7ba39b9048e57072ce658cc5db56afb01493be5538594a25', '2021-09-28 03:08:13', '2021-09-21 03:08:13', '::1', '2021-09-21 03:08:17', '::1', NULL, 4),
(213, '1d6fd2c0a8ec5fd836c07f928eba9bcab355e42253e2ad5316201242b32ab9f2bbb44c769a977445', '2021-09-28 03:08:31', '2021-09-21 03:08:31', '::1', '2021-09-21 03:13:28', '::1', '50b528e40a17a3bef01908e8d90a5574064e24604e3dbbccca8b66bbcfa81bd5119d0988a956a47d', 4),
(214, 'c47b909bb907c0fd8ca079d30ed20919465f4e747398e1b0efa5af6fd6ec12440b1e0af6bde77010', '2021-09-28 03:10:08', '2021-09-21 03:10:08', '::1', '2021-09-21 03:13:28', '::1', '413b4b1b29537209c4af9d0c92d838a9036692a29bb63aa24fca29cf44e21c8604c3d49308063f0a', 4),
(215, '413b4b1b29537209c4af9d0c92d838a9036692a29bb63aa24fca29cf44e21c8604c3d49308063f0a', '2021-09-28 03:13:28', '2021-09-21 03:13:28', '::1', '2021-09-21 03:13:28', '::1', '007990f12401031808c695b0b5b922766180e715a793d36dab00b70c560e8701101cad8c0bb12431', 4),
(216, '50b528e40a17a3bef01908e8d90a5574064e24604e3dbbccca8b66bbcfa81bd5119d0988a956a47d', '2021-09-28 03:13:28', '2021-09-21 03:13:28', '::1', '2021-09-21 03:14:05', '::1', '79cbe96e3aaa5726feab29351c65c93fd325438f1eea1e5da53f0ec927ed37724a0abcf356fd56a8', 4),
(217, '007990f12401031808c695b0b5b922766180e715a793d36dab00b70c560e8701101cad8c0bb12431', '2021-09-28 03:13:28', '2021-09-21 03:13:28', '::1', '2021-09-21 03:13:43', '::1', NULL, 4),
(218, '79cbe96e3aaa5726feab29351c65c93fd325438f1eea1e5da53f0ec927ed37724a0abcf356fd56a8', '2021-09-28 03:14:05', '2021-09-21 03:14:05', '::1', '2021-09-21 03:15:27', '::1', 'e0ce18f3fd812b1a6b96df66e623b67cfa1301fcc66bc79f4d6183542010f2b25b2c584ee66e8409', 4),
(219, 'e0ce18f3fd812b1a6b96df66e623b67cfa1301fcc66bc79f4d6183542010f2b25b2c584ee66e8409', '2021-09-28 03:15:27', '2021-09-21 03:15:27', '::1', '2021-09-21 03:15:41', '::1', '3bd3a34ebcf7c1fa2ae292f50d909e3c478f1252dd2211a4a960fed3d38455b86e53d4fced511ac5', 4),
(220, '3bd3a34ebcf7c1fa2ae292f50d909e3c478f1252dd2211a4a960fed3d38455b86e53d4fced511ac5', '2021-09-28 03:15:41', '2021-09-21 03:15:41', '::1', '2021-09-21 03:15:57', '::1', '554797502ca62cf551f7b638272f987107186d997b9a74ea41d762f33e02fc8e6fdbceb4337acd1f', 4),
(221, '554797502ca62cf551f7b638272f987107186d997b9a74ea41d762f33e02fc8e6fdbceb4337acd1f', '2021-09-28 03:15:57', '2021-09-21 03:15:57', '::1', '2021-09-21 03:16:03', '::1', '7f9fdb4a4b310392bd0bd19933b795698ec2ba981c81d2a3e605895e2e12c629c3ba601da3650312', 4),
(222, '7f9fdb4a4b310392bd0bd19933b795698ec2ba981c81d2a3e605895e2e12c629c3ba601da3650312', '2021-09-28 03:16:03', '2021-09-21 03:16:03', '::1', '2021-09-21 03:16:13', '::1', '0082e8f5ef2e0168f0e20ae7ad97beb6ba92f62cba32c18c9c442e11afddea4cdf0c9fad697791aa', 4),
(223, '0082e8f5ef2e0168f0e20ae7ad97beb6ba92f62cba32c18c9c442e11afddea4cdf0c9fad697791aa', '2021-09-28 03:16:13', '2021-09-21 03:16:13', '::1', '2021-09-21 03:16:18', '::1', 'b8f4de5dcbe4bacad710ada095cce29b1517575463b1923c1339270d889126bdf96efb9ac71bd66a', 4),
(224, 'b8f4de5dcbe4bacad710ada095cce29b1517575463b1923c1339270d889126bdf96efb9ac71bd66a', '2021-09-28 03:16:18', '2021-09-21 03:16:18', '::1', '2021-09-21 03:16:26', '::1', '8149ebdc4e400068ba3f65f2ada476b80814f25a36c8b78d76a2d4afe77a13e423fca4597e855c1f', 4),
(225, '8149ebdc4e400068ba3f65f2ada476b80814f25a36c8b78d76a2d4afe77a13e423fca4597e855c1f', '2021-09-28 03:16:26', '2021-09-21 03:16:26', '::1', '2021-09-21 03:16:37', '::1', 'd9fd8582699f254a38f6172e901b38a6e9d7db937a1bb9d10558bfbfeb6e0dc09cc5057e47762f14', 4),
(226, 'd9fd8582699f254a38f6172e901b38a6e9d7db937a1bb9d10558bfbfeb6e0dc09cc5057e47762f14', '2021-09-28 03:16:37', '2021-09-21 03:16:37', '::1', '2021-09-21 03:22:30', '::1', '6f3d7804f360df347bcd56c211cd98e0d57ac9fd67ea8cf5cc877751543f69724bd3d87f57001e3e', 4),
(227, '6f3d7804f360df347bcd56c211cd98e0d57ac9fd67ea8cf5cc877751543f69724bd3d87f57001e3e', '2021-09-28 03:22:30', '2021-09-21 03:22:30', '::1', '2021-09-21 03:36:30', '::1', '05172d113e1ed1367067c82b40c2c6e926f29554de4986dfd95e6aa11b404fdaf25dd50ea35ea9c5', 4),
(228, '05172d113e1ed1367067c82b40c2c6e926f29554de4986dfd95e6aa11b404fdaf25dd50ea35ea9c5', '2021-09-28 03:36:30', '2021-09-21 03:36:30', '::1', '2021-09-21 03:50:30', '::1', '58d1d405b1b13293268bf6c914399bf17f6ff62ba6723c386deb337e83d92049740909b591e665d0', 4),
(229, '58d1d405b1b13293268bf6c914399bf17f6ff62ba6723c386deb337e83d92049740909b591e665d0', '2021-09-28 03:50:30', '2021-09-21 03:50:30', '::1', '2021-09-21 04:04:30', '::1', 'dc18cd317f72d6b347803e147ecf25553adc8e563f1590704db5ed451b5d748c170cc53af632a2dc', 4),
(230, 'dc18cd317f72d6b347803e147ecf25553adc8e563f1590704db5ed451b5d748c170cc53af632a2dc', '2021-09-28 04:04:30', '2021-09-21 04:04:30', '::1', NULL, NULL, NULL, 4),
(231, 'e2421f244c3ecbfb9c1ea8b6df0c7abfbf0798d63c6ae82f8248e6d442e95161c9b043bcc000b8ad', '2021-09-28 04:22:02', '2021-09-21 04:22:02', '::1', '2021-09-21 04:28:00', '::1', '1faea69c3fa51e396c5ce826457af6a0a87935302ffc1450c80140945f242aecca79271c2e42ad26', 4),
(232, '1faea69c3fa51e396c5ce826457af6a0a87935302ffc1450c80140945f242aecca79271c2e42ad26', '2021-09-28 04:28:00', '2021-09-21 04:28:00', '::1', '2021-09-21 04:29:51', '::1', NULL, 4),
(233, 'f498587e0c91d3491e9a7cf450994fe294e1f98c32b1190d7b40127e1634f05a39104727a0153c9e', '2021-09-28 04:38:49', '2021-09-21 04:38:49', '::1', '2021-09-21 04:39:34', '::1', '14f4e23c6f66e8e6ca875abf04d52372f5bc107a846a56d6932110b4f814ebff300994d06e983db8', 8),
(234, '14f4e23c6f66e8e6ca875abf04d52372f5bc107a846a56d6932110b4f814ebff300994d06e983db8', '2021-09-28 04:39:34', '2021-09-21 04:39:34', '::1', '2021-09-21 04:39:56', '::1', NULL, 8),
(235, '59e224e96171c686b950408b4ccea1633bbdea7140dbc903f18bb51dd802017c8c07c4361b01769f', '2021-09-28 09:23:45', '2021-09-21 09:23:45', '::1', '2021-09-21 09:31:27', '::1', '1eec3ebbeaefe69caa9af0c23802ed25e03e68dd658e2fdab4121a8ba16eebfc222474bced06de6e', 4),
(236, '1eec3ebbeaefe69caa9af0c23802ed25e03e68dd658e2fdab4121a8ba16eebfc222474bced06de6e', '2021-09-28 09:31:27', '2021-09-21 09:31:27', '::1', '2021-09-21 09:31:42', '::1', '0a09d07933c5c04cd5596ae15661b057193277d469a63c8e1c74817a3d10d4f3010565a458cc6c44', 4),
(237, '0a09d07933c5c04cd5596ae15661b057193277d469a63c8e1c74817a3d10d4f3010565a458cc6c44', '2021-09-28 09:31:42', '2021-09-21 09:31:42', '::1', '2021-09-21 09:33:56', '::1', '8ddfb5df417856e00119dfc9ae1c4f020d88461a5488de9b54606355926f1d3fc9a95b5e0f7a0b51', 4),
(238, '8ddfb5df417856e00119dfc9ae1c4f020d88461a5488de9b54606355926f1d3fc9a95b5e0f7a0b51', '2021-09-28 09:33:56', '2021-09-21 09:33:56', '::1', '2021-09-21 09:34:15', '::1', '4d263661ebf9d2263a33d4a5c8ad78122d875e1cac3f2b58148f3aaf8536a65824402a12cb485009', 4),
(239, '4d263661ebf9d2263a33d4a5c8ad78122d875e1cac3f2b58148f3aaf8536a65824402a12cb485009', '2021-09-28 09:34:15', '2021-09-21 09:34:15', '::1', '2021-09-21 09:34:39', '::1', '6aeaae26e9a49d803493d164a4fce60ce37950189385e276213ccd4688479bb35e2cfaf566799710', 4),
(240, '6aeaae26e9a49d803493d164a4fce60ce37950189385e276213ccd4688479bb35e2cfaf566799710', '2021-09-28 09:34:39', '2021-09-21 09:34:39', '::1', '2021-09-21 09:34:45', '::1', NULL, 4),
(241, '00e2e950739976280938f7be4cae0d10b053f88f793165242c5e16d8ae2d0e23422752ccf78ea1ca', '2021-09-28 09:43:07', '2021-09-21 09:43:07', '::1', '2021-09-21 09:44:40', '::1', 'e99cf810f6dee62f45718edc363b9a8c77446ecf827dffc7dd8f5f428da8673831a0f617af0697a4', 4),
(242, 'e99cf810f6dee62f45718edc363b9a8c77446ecf827dffc7dd8f5f428da8673831a0f617af0697a4', '2021-09-28 09:44:40', '2021-09-21 09:44:40', '::1', '2021-09-21 09:45:52', '::1', 'cd0c3fc202fff5ded456893efec739740ee4c94244819f08dcdffec971ff48fecb94f5b9283fe866', 4),
(243, 'cd0c3fc202fff5ded456893efec739740ee4c94244819f08dcdffec971ff48fecb94f5b9283fe866', '2021-09-28 09:45:52', '2021-09-21 09:45:52', '::1', '2021-09-21 09:45:57', '::1', '53fb7db4ae4d1e51fd4d519fefb716fb7a6799c42ef9c65ed99461d3fdb3b5424f73b3a588ff1641', 4),
(244, '53fb7db4ae4d1e51fd4d519fefb716fb7a6799c42ef9c65ed99461d3fdb3b5424f73b3a588ff1641', '2021-09-28 09:45:57', '2021-09-21 09:45:57', '::1', '2021-09-21 09:45:58', '::1', NULL, 4),
(245, 'ab0b5ae7ac7f6f8f751b24f0b5da0217989b8e7b4a00d9127b5bd92e215d40155ddb9718ce1bb34d', '2021-09-28 09:47:36', '2021-09-21 09:47:36', '::1', '2021-09-21 09:53:02', '::1', 'bf80c2e601087ca7c652945306a1c5f5672aeb3fda159a3a5e79af21f27774b74afa6bc4c9a02723', 4),
(246, 'bf80c2e601087ca7c652945306a1c5f5672aeb3fda159a3a5e79af21f27774b74afa6bc4c9a02723', '2021-09-28 09:53:02', '2021-09-21 09:53:02', '::1', '2021-09-21 09:53:31', '::1', NULL, 4),
(247, 'd80c63a5e198f0b4b703100077f219d59723f2c30f618bd4beb3732ba7bbccfd5d0bf103f4a8e91d', '2021-09-28 09:53:36', '2021-09-21 09:53:36', '::1', '2021-09-21 09:54:30', '::1', NULL, 4),
(248, '62bfb6ab924630f15c461bb2428b224a331fec904390e1516240752fa797924fa24dad19473e9ddb', '2021-09-28 10:08:12', '2021-09-21 10:08:12', '::1', '2021-09-21 10:08:28', '::1', 'ace4fe1afda62bc6ea6c852ebc6baab2585f0baff1a47affa8c43c810f08dcc20fa9872f85bcd59b', 4),
(249, 'ace4fe1afda62bc6ea6c852ebc6baab2585f0baff1a47affa8c43c810f08dcc20fa9872f85bcd59b', '2021-09-28 10:08:28', '2021-09-21 10:08:28', '::1', '2021-09-21 10:14:38', '::1', '2724965e0d156008732ce2814e2b90d56d1b348c6c05945e5c4c68562d7948c25a6c4bb3154da2c8', 4),
(250, '2724965e0d156008732ce2814e2b90d56d1b348c6c05945e5c4c68562d7948c25a6c4bb3154da2c8', '2021-09-28 10:14:38', '2021-09-21 10:14:38', '::1', '2021-09-21 10:14:55', '::1', NULL, 4),
(251, '9578d603a685a3a41fe03e39718987668389fc0d3caa4cac3ab7a2dc9773472bfade91755706d38a', '2021-09-28 10:41:13', '2021-09-21 10:41:13', '::1', '2021-09-21 10:42:58', '::1', NULL, 4),
(252, '31a5728eeadfe0bb32127892812e038b5d3fef1e34eeeae82c9e621d75ea6c41253c8a0362ebc2c4', '2021-09-28 10:48:57', '2021-09-21 10:48:57', '::1', '2021-09-21 10:55:33', '::1', '4e477652aed656c3e9f3daf12a61f1c7455fa262668143fded5f3d43e841b254ada1b6bba3bf63e0', 4),
(253, '4e477652aed656c3e9f3daf12a61f1c7455fa262668143fded5f3d43e841b254ada1b6bba3bf63e0', '2021-09-28 10:55:33', '2021-09-21 10:55:33', '::1', '2021-09-21 10:56:51', '::1', NULL, 4),
(254, '3e90d4b0c13298fa8175b3e76fe11b810f982c205ede9d9ca706cf7788964ba5c7166cdc921c193d', '2021-09-28 11:08:06', '2021-09-21 11:08:06', '::1', '2021-09-21 11:09:10', '::1', NULL, 4),
(255, 'dd1290b4908b8ce0a3173c928cd8f12dd1fda3fee50622f2cf52bb752654db4d3abd220d80c33ece', '2021-09-28 11:13:41', '2021-09-21 11:13:41', '::1', '2021-09-21 11:14:41', '::1', '6c1fa4ca68c0be7a372c4d26155e45d006c447ca83d4f11657ea7c63db5b6519c4004d91e2bbf55f', 8),
(256, '6c1fa4ca68c0be7a372c4d26155e45d006c447ca83d4f11657ea7c63db5b6519c4004d91e2bbf55f', '2021-09-28 11:14:41', '2021-09-21 11:14:41', '::1', '2021-09-21 11:15:33', '::1', 'af4291601aff2138de9e589785ddc32179f253c540637bd29ecd69c134c87e46467335fb1f0e76bd', 8),
(257, 'af4291601aff2138de9e589785ddc32179f253c540637bd29ecd69c134c87e46467335fb1f0e76bd', '2021-09-28 11:15:33', '2021-09-21 11:15:33', '::1', '2021-09-21 11:15:59', '::1', '017c098bbb40b076b94e7fb7aea8c1c82e584d4bbf11b6dcf136b7281a4da3e1d791ab5162bfa85b', 8),
(258, '017c098bbb40b076b94e7fb7aea8c1c82e584d4bbf11b6dcf136b7281a4da3e1d791ab5162bfa85b', '2021-09-28 11:15:59', '2021-09-21 11:15:59', '::1', '2021-09-21 11:16:04', '::1', NULL, 8),
(259, '8812e8fedc2e4eab12847430845dd008b291f8b3b99581e6fd31d201a26f0f08127996f27b67b2e7', '2021-09-28 11:17:10', '2021-09-21 11:17:10', '::1', '2021-09-21 11:18:41', '::1', '03d153b5631b6ec25a9b640cd889373ee122525f3336cd130e6b43e5f95236cf32c8d39064c314d2', 8),
(260, '03d153b5631b6ec25a9b640cd889373ee122525f3336cd130e6b43e5f95236cf32c8d39064c314d2', '2021-09-28 11:18:41', '2021-09-21 11:18:41', '::1', '2021-09-21 11:19:55', '::1', '86b8b36289624279226b8025f24e37128d7f40f2d1f392fbdb8fb9e118b739fcc5cae2af92e970f9', 8),
(261, '86b8b36289624279226b8025f24e37128d7f40f2d1f392fbdb8fb9e118b739fcc5cae2af92e970f9', '2021-09-28 11:19:55', '2021-09-21 11:19:55', '::1', '2021-09-21 11:20:08', '::1', NULL, 8),
(262, 'f80c475202f1b706976d9cace6017fa445f754ec4df059c01935d1c8c9ecc7485793d65f1846a77d', '2021-09-28 11:21:04', '2021-09-21 11:21:04', '::1', '2021-09-21 11:22:56', '::1', '846bc6c41bad566d4df0ce61acd380871ce0f57604d7bf2d260002d1af0260756d3cf4027b288ef9', 8),
(263, '846bc6c41bad566d4df0ce61acd380871ce0f57604d7bf2d260002d1af0260756d3cf4027b288ef9', '2021-09-28 11:22:56', '2021-09-21 11:22:56', '::1', '2021-09-21 11:28:30', '::1', NULL, 8),
(264, '74241dcaedc8c0e2ae5596dfc83965c255988f33b6b6e828695de84d42a4c82eadc4d58896fe9634', '2021-09-28 11:29:22', '2021-09-21 11:29:22', '::1', '2021-09-21 11:29:32', '::1', '9a0203fdc2cb0a3f730539244084c1b060082df5785b6d78dd3eccc9cfb66f9b877da0b859809a8a', 8),
(265, '9a0203fdc2cb0a3f730539244084c1b060082df5785b6d78dd3eccc9cfb66f9b877da0b859809a8a', '2021-09-28 11:29:32', '2021-09-21 11:29:32', '::1', '2021-09-21 11:32:14', '::1', 'adafbe2e093d93ba0efa58bfa7200fedef1f8b2c745370bb70837e715d96165177b31ad1fd4f0adb', 8),
(266, 'adafbe2e093d93ba0efa58bfa7200fedef1f8b2c745370bb70837e715d96165177b31ad1fd4f0adb', '2021-09-28 11:32:14', '2021-09-21 11:32:14', '::1', '2021-09-21 11:32:21', '::1', NULL, 8),
(267, '6fd08ac799bc807f065af3d59b87ca2b74f60e37b1530ba2fccb7810b7e13f0d8e23c19e7efde744', '2021-09-28 11:34:28', '2021-09-21 11:34:28', '::1', '2021-09-21 11:36:13', '::1', '057c974653a4e92e029385a33a6ea14d97dec7bf76b9766b7bc252254f9a56e9d578f469097d2a16', 8),
(268, '057c974653a4e92e029385a33a6ea14d97dec7bf76b9766b7bc252254f9a56e9d578f469097d2a16', '2021-09-28 11:36:13', '2021-09-21 11:36:13', '::1', '2021-09-21 11:38:07', '::1', 'cd3672a800e8aeba4698ec3540417042d5aea6806c9caf4ad78951da802afe717f2e655bd2dc8c13', 8),
(269, 'cd3672a800e8aeba4698ec3540417042d5aea6806c9caf4ad78951da802afe717f2e655bd2dc8c13', '2021-09-28 11:38:07', '2021-09-21 11:38:07', '::1', '2021-09-21 11:39:37', '::1', 'c5d5b07dacc6d46113c62295c817ea922cc101175cbdc6868a5ee7731f8dd0d21a84f38445e6b90f', 8),
(270, 'c5d5b07dacc6d46113c62295c817ea922cc101175cbdc6868a5ee7731f8dd0d21a84f38445e6b90f', '2021-09-28 11:39:37', '2021-09-21 11:39:37', '::1', '2021-09-21 11:39:38', '::1', NULL, 8),
(271, 'd2370e41d8868cf73c01fb51e28d7867da6989130727dcdc5756c697c22536a233fa53890b347dd9', '2021-09-28 11:40:59', '2021-09-21 11:40:59', '::1', '2021-09-21 11:41:12', '::1', '9c6bf5886fb5f0f03045779f31e966a4ba74584cd9bf9f333b9cdcad93656da0a7a1e7cccea3fcc0', 8),
(272, '9c6bf5886fb5f0f03045779f31e966a4ba74584cd9bf9f333b9cdcad93656da0a7a1e7cccea3fcc0', '2021-09-28 11:41:12', '2021-09-21 11:41:12', '::1', '2021-09-21 11:55:12', '::1', '8afd3423adb427265a2b0e236057c2922b23b418917925c479060f087106ffd503f9260d47f8895f', 8),
(273, '8afd3423adb427265a2b0e236057c2922b23b418917925c479060f087106ffd503f9260d47f8895f', '2021-09-28 11:55:12', '2021-09-21 11:55:12', '::1', '2021-09-21 12:09:13', '::1', 'e05b4220adf607ca59be67844abbeb972c415276aa8aa2941edad16b0c12be7a85e6712ba6d163cd', 8),
(274, 'e05b4220adf607ca59be67844abbeb972c415276aa8aa2941edad16b0c12be7a85e6712ba6d163cd', '2021-09-28 12:09:13', '2021-09-21 12:09:13', '::1', '2021-09-21 12:23:13', '::1', '4d03375434cf894fa0771a8787b96c461ea375e86410cea11e25187ddcc0a98eeb8f212829aff710', 8),
(275, '4d03375434cf894fa0771a8787b96c461ea375e86410cea11e25187ddcc0a98eeb8f212829aff710', '2021-09-28 12:23:13', '2021-09-21 12:23:13', '::1', '2021-09-21 12:37:13', '::1', '0155d9dd2e4a7d4e0ee6277b43d48503eaf7450c6af0df7ba651bd4fb37c27b6a46932e103bfd175', 8),
(276, '0155d9dd2e4a7d4e0ee6277b43d48503eaf7450c6af0df7ba651bd4fb37c27b6a46932e103bfd175', '2021-09-28 12:37:13', '2021-09-21 12:37:13', '::1', '2021-09-21 12:51:13', '::1', 'f919ace09d179c4fed6d1a783b7e17b91a92fc3b81f230efdd04093802752800e2dc45c812a9ee32', 8),
(277, 'f919ace09d179c4fed6d1a783b7e17b91a92fc3b81f230efdd04093802752800e2dc45c812a9ee32', '2021-09-28 12:51:13', '2021-09-21 12:51:13', '::1', '2021-09-21 13:05:13', '::1', '87e52cb0db82d2c7b1d2e45fdac97f7a2780df1c05ab0fa2b909b54a574e2f281d2af3c271fe5ef4', 8),
(278, '87e52cb0db82d2c7b1d2e45fdac97f7a2780df1c05ab0fa2b909b54a574e2f281d2af3c271fe5ef4', '2021-09-28 13:05:13', '2021-09-21 13:05:13', '::1', '2021-09-21 13:07:37', '::1', NULL, 8),
(279, '501dda84ecd9982df56f265b5d47d416eb7f511eb7f13e5a3f158d9474d80051f12427d12ce77a5f', '2021-09-28 13:07:42', '2021-09-21 13:07:42', '::1', '2021-09-21 13:09:12', '::1', 'c5221007d4e77b049e5d143dbe06ee92a60bddd04ea1dc7d912adca21f75daf4d14724db7f7ab8ab', 4),
(280, 'c5221007d4e77b049e5d143dbe06ee92a60bddd04ea1dc7d912adca21f75daf4d14724db7f7ab8ab', '2021-09-28 13:09:12', '2021-09-21 13:09:12', '::1', '2021-09-21 13:17:05', '::1', 'b4c55ced83f5ca7f945e711e3dcddeb2c8210596bb91c8bfd8560dc438b7583698e7c6373c1f6688', 4),
(281, 'b4c55ced83f5ca7f945e711e3dcddeb2c8210596bb91c8bfd8560dc438b7583698e7c6373c1f6688', '2021-09-28 13:17:05', '2021-09-21 13:17:05', '::1', '2021-09-21 13:17:07', '::1', NULL, 4),
(282, 'e56d41b96049c57bb295b7ad1ed2cca27140efe0713b93ddc43867cfbcd288a2fece5c7495714bfc', '2021-09-28 13:17:12', '2021-09-21 13:17:12', '::1', '2021-09-21 13:17:49', '::1', '9494e24544751d26f31796bcec5a3cfc0850a44dd7e369d74ae4106fe4ace572ca6a0d2f63e27ddf', 4),
(283, '9494e24544751d26f31796bcec5a3cfc0850a44dd7e369d74ae4106fe4ace572ca6a0d2f63e27ddf', '2021-09-28 13:17:49', '2021-09-21 13:17:49', '::1', '2021-09-21 13:17:51', '::1', NULL, 4),
(284, '7d330e386f4025846e30e12e2f34804c3a082311ba79e238f4069661511aaf111444579cb1a3b56b', '2021-09-28 13:17:57', '2021-09-21 13:17:57', '::1', '2021-09-21 13:20:43', '::1', '76077ee990720f4c54e3f465c8bdfc0d4b6ef068cc3fcbf28d2ea65a836242b455a92a69ce6e9153', 4),
(285, '76077ee990720f4c54e3f465c8bdfc0d4b6ef068cc3fcbf28d2ea65a836242b455a92a69ce6e9153', '2021-09-28 13:20:43', '2021-09-21 13:20:43', '::1', '2021-09-21 13:20:48', '::1', NULL, 4),
(286, '6d457c74cec57e07bde860ed728747fc73b05230c3ce2bd3c0652c9fa18cc22f92a6a4b623cb9ba7', '2021-09-28 13:20:57', '2021-09-21 13:20:57', '::1', '2021-09-21 13:26:30', '::1', 'ef2ee9854e9b4d51806e54c54f9ff0cefac239051e0e854cab27c13a4373d779e65115d83888c673', 4),
(287, 'ef2ee9854e9b4d51806e54c54f9ff0cefac239051e0e854cab27c13a4373d779e65115d83888c673', '2021-09-28 13:26:30', '2021-09-21 13:26:30', '::1', '2021-09-21 13:30:46', '::1', 'f9c54682e18ca2625a3265396f0d295bdaee0d98e7da3efa0596a95e7625f4d795fb7e6e4949e2dd', 4),
(288, 'f9c54682e18ca2625a3265396f0d295bdaee0d98e7da3efa0596a95e7625f4d795fb7e6e4949e2dd', '2021-09-28 13:30:46', '2021-09-21 13:30:46', '::1', '2021-09-21 13:30:50', '::1', 'd29999e40bdb9ba5dd0cd124fa9711b90a73efec1bbb48c064aa19aa1606b61c844318a80f7f4b6e', 4),
(289, 'd29999e40bdb9ba5dd0cd124fa9711b90a73efec1bbb48c064aa19aa1606b61c844318a80f7f4b6e', '2021-09-28 13:30:50', '2021-09-21 13:30:50', '::1', '2021-09-21 13:31:21', '::1', NULL, 4),
(290, '0406666e0518b59649e20db644db16cb3962c17b691350c3953f4ab3c070fbc8d780169686966742', '2021-09-28 13:31:31', '2021-09-21 13:31:31', '::1', '2021-09-21 13:45:31', '::1', '6ee8582cf0021f34a93ab091da35ad5450fe2ea0e862c731d947a3f30708a6c6ef106d9f9314dd83', 4),
(291, '6ee8582cf0021f34a93ab091da35ad5450fe2ea0e862c731d947a3f30708a6c6ef106d9f9314dd83', '2021-09-28 13:45:31', '2021-09-21 13:45:31', '::1', '2021-09-21 13:58:48', '::1', 'e95b886eb92463ef82a42405419dda163659d3311d63bb43acf52b3d71cf62aa79850d3881a90cb7', 4),
(292, 'e95b886eb92463ef82a42405419dda163659d3311d63bb43acf52b3d71cf62aa79850d3881a90cb7', '2021-09-28 13:58:48', '2021-09-21 13:58:48', '::1', '2021-09-21 13:58:50', '::1', NULL, 4),
(293, '5d9602122bf09b5efacc7920dfbc82f012f9ac5050915b2d0eeea814ffacac9a041a6b77a65648f3', '2021-09-28 13:58:59', '2021-09-21 13:58:59', '::1', '2021-09-21 14:04:50', '::1', NULL, 4),
(294, '89562ae4bf801e5e4c7aef4db508fd3e933562fed10ad334a6600619f882ff10d836d8f3179714ac', '2021-09-28 14:04:57', '2021-09-21 14:04:57', '::1', '2021-09-21 14:05:50', '::1', NULL, 3),
(295, 'a9a601a2a770c454968be76f74a3e9b26e6c3b2bb41b5241c24670915416c2859dcb91a6cd45af81', '2021-09-28 14:09:33', '2021-09-21 14:09:33', '::1', '2021-09-21 14:09:50', '::1', NULL, 3),
(296, 'adfa1bcf9943c9fe45a8d03b97c3b3692684a8a604556e2bf938cc317c7e8172aa62f70bc01c4315', '2021-09-28 14:19:11', '2021-09-21 14:19:11', '::1', '2021-09-21 14:19:19', '::1', NULL, 4),
(297, 'd24a8b79587e6a7612af165c758e15ee94f5c5689e65d428151f4acc8e35ee86638f9c3a723a75c9', '2021-09-28 14:19:28', '2021-09-21 14:19:28', '::1', '2021-09-21 14:20:05', '::1', NULL, 4),
(298, 'e9883a9bb25502d892de0bb33fbdc2fc3d911b194be0555eac0a8278d56233bdd2f99d8489c490f1', '2021-09-28 14:20:11', '2021-09-21 14:20:11', '::1', '2021-09-21 14:26:51', '::1', NULL, 3),
(299, 'bed80582f00218ab91d21ad7181977a43f09da44319961db3b65ecd85000e5ca535abc900c0e0901', '2021-09-28 14:26:57', '2021-09-21 14:26:57', '::1', '2021-09-21 14:27:43', '::1', '68c0495f43e1f6cf7e37b8a84992300ebe292459251d57ce5c74cec3c3fc0521fdfa5abe9f2b0c40', 3),
(300, '68c0495f43e1f6cf7e37b8a84992300ebe292459251d57ce5c74cec3c3fc0521fdfa5abe9f2b0c40', '2021-09-28 14:27:43', '2021-09-21 14:27:43', '::1', '2021-09-21 14:27:54', '::1', 'fe27046195b519ab2189dd02ab36f9b946c3f1443dc2f61e4d362c85be35c9fcfcfff2bdb4622243', 3),
(301, 'fe27046195b519ab2189dd02ab36f9b946c3f1443dc2f61e4d362c85be35c9fcfcfff2bdb4622243', '2021-09-28 14:27:54', '2021-09-21 14:27:54', '::1', '2021-09-21 14:41:54', '::1', '176d223d8ca85234093c4b55395c6a1697ee788f834310e54aae6463554d8df3cceb5d524f635fba', 3),
(302, '176d223d8ca85234093c4b55395c6a1697ee788f834310e54aae6463554d8df3cceb5d524f635fba', '2021-09-28 14:41:54', '2021-09-21 14:41:54', '::1', '2021-09-21 14:48:22', '::1', NULL, 3),
(303, '54b5c4f9650d504eac71aba863cb8c5b674db90cc70b34afaf5d00feb417d6d08e7d1b8563644e88', '2021-09-28 14:48:36', '2021-09-21 14:48:36', '::1', '2021-09-21 14:50:49', '::1', NULL, 4),
(304, '52731b79059f48c6e3f0c99430faeb912a02d796e0f828e45293ced6550d926f76bb866f53b0afdd', '2021-09-28 15:03:50', '2021-09-21 15:03:50', '::1', '2021-09-21 15:09:57', '::1', 'fabaeebe6e305c4998df4a38258efcda2363687786568f59bc7ae12bd72e1d65b24608ed8c63ed29', 4),
(305, 'fabaeebe6e305c4998df4a38258efcda2363687786568f59bc7ae12bd72e1d65b24608ed8c63ed29', '2021-09-28 15:09:57', '2021-09-21 15:09:57', '::1', '2021-09-21 15:11:21', '::1', NULL, 4),
(306, '279a6cba9dcf1b3ae91ad6a56ae00134d1beaf1065f35215bf9cc14b7f9fa0435b7a3ca7b8be8608', '2021-09-28 15:33:36', '2021-09-21 15:33:36', '::1', '2021-09-21 15:35:44', '::1', NULL, 4),
(307, 'a1263bab4e681e119c713819cd4c1eab10f4e9178cc0ef8f75f8622645291d3194299240ca616709', '2021-09-28 15:43:45', '2021-09-21 15:43:45', '::1', '2021-09-21 15:48:57', '::1', '9d86e85e9e6949cefa3da9bcb18569b63b3709f1d623f731b4169f45fa667d2c17fd1b4615ef2ec5', 4),
(308, '9d86e85e9e6949cefa3da9bcb18569b63b3709f1d623f731b4169f45fa667d2c17fd1b4615ef2ec5', '2021-09-28 15:48:57', '2021-09-21 15:48:57', '::1', '2021-09-21 15:50:33', '::1', NULL, 4),
(309, '0c31bd3190d1674e14ca6f6c38951d5c75b22cb3cbb27f785a5245c2270f55054bddfd134f4bbaa6', '2021-09-28 16:06:56', '2021-09-21 16:06:56', '::1', '2021-09-21 16:20:56', '::1', '7394c0c98f5819ce8158538b81338be350162dbc1b50366352dcd8829fbed7be337fbbc9f401d584', 4),
(310, '7394c0c98f5819ce8158538b81338be350162dbc1b50366352dcd8829fbed7be337fbbc9f401d584', '2021-09-28 16:20:56', '2021-09-21 16:20:56', '::1', '2021-09-21 16:26:24', '::1', '599df39aba22fd47872ca31acc30f4c4cd45f8c1814563dac8670fad350d8108dd0866ad2bea179a', 4),
(311, '599df39aba22fd47872ca31acc30f4c4cd45f8c1814563dac8670fad350d8108dd0866ad2bea179a', '2021-09-28 16:26:24', '2021-09-21 16:26:24', '::1', '2021-09-21 16:26:49', '::1', NULL, 4),
(312, 'a941ab49b9b74fd439faeca622ba9e1b3fd19a8090f0f355cb7fe175b53fe3fe0dbb47723a43c16a', '2021-09-28 16:47:47', '2021-09-21 16:47:47', '::1', '2021-09-21 16:52:31', '::1', 'bbcea0e98c85e37d48047ae922a10604199b7c79145aa6f83c8cb0550e5d31232644eea265d20ff3', 4),
(313, 'bbcea0e98c85e37d48047ae922a10604199b7c79145aa6f83c8cb0550e5d31232644eea265d20ff3', '2021-09-28 16:52:31', '2021-09-21 16:52:31', '::1', '2021-09-21 17:06:31', '::1', '5a9a20e01352c5d686090cdbf72664cd4f2e4195d1ae57982d35a04506a91cd639756d07406366c0', 4),
(314, '5a9a20e01352c5d686090cdbf72664cd4f2e4195d1ae57982d35a04506a91cd639756d07406366c0', '2021-09-28 17:06:31', '2021-09-21 17:06:31', '::1', '2021-09-21 17:20:31', '::1', '444dc6f2a47deea7df02ad004dd1266861dc779605a46d5ab83ac7d6f49cfc4bce4e3593d7d31e8c', 4),
(315, '444dc6f2a47deea7df02ad004dd1266861dc779605a46d5ab83ac7d6f49cfc4bce4e3593d7d31e8c', '2021-09-28 17:20:31', '2021-09-21 17:20:31', '::1', '2021-09-21 17:34:31', '::1', '940f3e72ae487fd34174c8c8fa24fc90cbf721830117362f855eb111fb950e518eb442b3668a9295', 4),
(316, '940f3e72ae487fd34174c8c8fa24fc90cbf721830117362f855eb111fb950e518eb442b3668a9295', '2021-09-28 17:34:31', '2021-09-21 17:34:31', '::1', '2021-09-21 17:36:28', '::1', NULL, 4),
(317, 'd859e9c90b59f0ac11c7e1df806aa641803af2292a2a0343d221a05b6d1ea0d3994bb24c90b1d910', '2021-09-28 17:39:25', '2021-09-21 17:39:25', '::1', '2021-09-21 17:43:03', '::1', NULL, 4),
(318, '626860891f3ff458bc126b89317ef4081432ab2b0a49667d32a7ed9e94a586ca2ccf288621e30cab', '2021-09-28 17:43:06', '2021-09-21 17:43:06', '::1', '2021-09-21 17:44:11', '::1', '7153555d8571d62095cb12d4004745530a7ec7df64104a990843db4ab7153c76f4ceeb46fd375921', 4),
(319, '7153555d8571d62095cb12d4004745530a7ec7df64104a990843db4ab7153c76f4ceeb46fd375921', '2021-09-28 17:44:11', '2021-09-21 17:44:11', '::1', '2021-09-21 17:44:21', '::1', '49e7ea1df9e5c9188e97ecce16debbf92d1ac99292d5320303378180561c423d0a5c7fb6c1a3ed5a', 4),
(320, '49e7ea1df9e5c9188e97ecce16debbf92d1ac99292d5320303378180561c423d0a5c7fb6c1a3ed5a', '2021-09-28 17:44:21', '2021-09-21 17:44:21', '::1', '2021-09-21 17:46:39', '::1', 'd8e8afd2ed9423061be6fcb86c7eade4535516848963c1c337a139d3d51a3388f595a11d66c201aa', 4),
(321, 'd8e8afd2ed9423061be6fcb86c7eade4535516848963c1c337a139d3d51a3388f595a11d66c201aa', '2021-09-28 17:46:39', '2021-09-21 17:46:39', '::1', '2021-09-21 17:57:01', '::1', 'a0275244abf76f14c264b1c968735a50ae0b8ab29674a91875425ac0e26b74cda9718c69ca4c91ef', 4),
(322, 'a0275244abf76f14c264b1c968735a50ae0b8ab29674a91875425ac0e26b74cda9718c69ca4c91ef', '2021-09-28 17:57:01', '2021-09-21 17:57:01', '::1', '2021-09-21 18:01:00', '::1', '4aaa7f695678ca29f44795bce5c14cadc75dcd21655a2347bc4798841671aaf396ac09823f5e7960', 4),
(323, '4aaa7f695678ca29f44795bce5c14cadc75dcd21655a2347bc4798841671aaf396ac09823f5e7960', '2021-09-28 18:01:00', '2021-09-21 18:01:00', '::1', '2021-09-21 18:15:00', '::1', '0bf37f1086fa112bbe185935116ac1d6c5d73d6a5ace05688a33efc928edc05320a1db49416336d1', 4),
(324, '0bf37f1086fa112bbe185935116ac1d6c5d73d6a5ace05688a33efc928edc05320a1db49416336d1', '2021-09-28 18:15:00', '2021-09-21 18:15:00', '::1', '2021-09-21 18:29:01', '::1', 'd12a0d10978e7dd7f9abc655839269a15d2122894a4f3c5a8c9d8663b2df9d2bd1fc537fbc2e58b3', 4),
(325, 'd12a0d10978e7dd7f9abc655839269a15d2122894a4f3c5a8c9d8663b2df9d2bd1fc537fbc2e58b3', '2021-09-28 18:29:01', '2021-09-21 18:29:01', '::1', '2021-09-21 18:42:00', '::1', '56d3f64de5ada22e50577fc3cbea107fcb5e992fd088640ac3666071c3b64e863f9d5e0d442f1566', 4),
(326, '56d3f64de5ada22e50577fc3cbea107fcb5e992fd088640ac3666071c3b64e863f9d5e0d442f1566', '2021-09-28 18:42:00', '2021-09-21 18:42:00', '::1', '2021-09-21 18:42:31', '::1', '8d5f29ca618cee4987c6773ad7d57c415522bd82244f192e8160d4625fd81a20b9bd1802d1344a0f', 4),
(327, '8d5f29ca618cee4987c6773ad7d57c415522bd82244f192e8160d4625fd81a20b9bd1802d1344a0f', '2021-09-28 18:42:31', '2021-09-21 18:42:31', '::1', '2021-09-21 18:44:06', '::1', '2f508ac3b14db1fbcb4a123ef37317808cfd6a2e6a4cabe309c50411ab68366e2895594b0893b3d2', 4),
(328, '2f508ac3b14db1fbcb4a123ef37317808cfd6a2e6a4cabe309c50411ab68366e2895594b0893b3d2', '2021-09-28 18:44:06', '2021-09-21 18:44:06', '::1', '2021-09-21 18:51:16', '::1', '486875b2ef955e0aea1cac7f18aaee9ae3b625a99bc8376ea94ea89a0db7290c2f1576a27baf2430', 4),
(329, '486875b2ef955e0aea1cac7f18aaee9ae3b625a99bc8376ea94ea89a0db7290c2f1576a27baf2430', '2021-09-28 18:51:16', '2021-09-21 18:51:16', '::1', '2021-09-21 19:05:16', '::1', 'd9a167780af55108f2c41fa11c1cfd90bbaf37d992178a3ac3863247b0194f7bcc25c8deb65041a2', 4),
(330, 'd9a167780af55108f2c41fa11c1cfd90bbaf37d992178a3ac3863247b0194f7bcc25c8deb65041a2', '2021-09-28 19:05:16', '2021-09-21 19:05:16', '::1', '2021-09-22 03:33:47', '::1', 'e14af740a4da7e62eb7d00f6c81a64472e75d26d29f8f816f3f1166289a2278eafb06b7badc33d0f', 4),
(331, 'e14af740a4da7e62eb7d00f6c81a64472e75d26d29f8f816f3f1166289a2278eafb06b7badc33d0f', '2021-09-29 03:33:47', '2021-09-22 03:33:47', '::1', '2021-09-22 03:33:50', '::1', NULL, 4),
(332, 'e52de6b3a1a3146654c52ae4abd0da5495764d19bc3bf2ab2a8049b6ae8f264fc0527e0c89de1fbf', '2021-09-29 03:35:41', '2021-09-22 03:35:41', '::1', '2021-09-22 03:39:54', '::1', '0f52c30070a49db90bced8f20276901d7d29b5ec645e3cd456ecc911d18f01bcb6349f6ebaa88527', 4),
(333, '0f52c30070a49db90bced8f20276901d7d29b5ec645e3cd456ecc911d18f01bcb6349f6ebaa88527', '2021-09-29 03:39:54', '2021-09-22 03:39:54', '::1', '2021-09-22 03:40:55', '::1', '0d98725d480f1c26ab01b807b2146eccd824b99d164bfef597ff7f2ec02966657c94818bea23c0e2', 4),
(334, '0d98725d480f1c26ab01b807b2146eccd824b99d164bfef597ff7f2ec02966657c94818bea23c0e2', '2021-09-29 03:40:55', '2021-09-22 03:40:55', '::1', '2021-09-22 03:42:38', '::1', 'b924ab42c4112fa8faf659d170693b95a910f024a506b5a2755b83e403b5ea1d75b10b3a8efc3428', 4),
(335, 'b924ab42c4112fa8faf659d170693b95a910f024a506b5a2755b83e403b5ea1d75b10b3a8efc3428', '2021-09-29 03:42:38', '2021-09-22 03:42:38', '::1', '2021-09-22 03:47:08', '::1', '78935651dc0d639f7fa2aa6351f3369b642ddcc0df3af5b97a1156761887141ce9229d8b48fefe7a', 4),
(336, '78935651dc0d639f7fa2aa6351f3369b642ddcc0df3af5b97a1156761887141ce9229d8b48fefe7a', '2021-09-29 03:47:08', '2021-09-22 03:47:08', '::1', '2021-09-22 03:48:11', '::1', '2bfd1dfe1f0abcff68a18d19429680dafeed3080304566d9eb47154eefbb7cff1e0bb075dc52e858', 4),
(337, '2bfd1dfe1f0abcff68a18d19429680dafeed3080304566d9eb47154eefbb7cff1e0bb075dc52e858', '2021-09-29 03:48:11', '2021-09-22 03:48:11', '::1', '2021-09-22 03:50:14', '::1', 'c66364190f9d7c57db583e12405ef707245c2947e7d056569074bcfd932353d6951445cf3a9e4ac1', 4),
(338, 'c66364190f9d7c57db583e12405ef707245c2947e7d056569074bcfd932353d6951445cf3a9e4ac1', '2021-09-29 03:50:14', '2021-09-22 03:50:14', '::1', '2021-09-22 03:52:01', '::1', 'f0a7f03a1100138923b7d3f658c95b17ce6c82e200d0898fe7b4dd6efa6fb43f7bfee0a297e357bf', 4),
(339, 'f0a7f03a1100138923b7d3f658c95b17ce6c82e200d0898fe7b4dd6efa6fb43f7bfee0a297e357bf', '2021-09-29 03:52:01', '2021-09-22 03:52:01', '::1', '2021-09-22 03:52:38', '::1', '880b8c94240db9598a8bef728124aaa78dd583e84bc6c543f4ae83ad08d11f18ed548ee79ea402d3', 4),
(340, '880b8c94240db9598a8bef728124aaa78dd583e84bc6c543f4ae83ad08d11f18ed548ee79ea402d3', '2021-09-29 03:52:38', '2021-09-22 03:52:38', '::1', '2021-09-22 03:52:58', '::1', 'ef4541046481fbd600def878bb30104ace4e0f92cb7e180ee42e305515e015288184d9f28a1ecdbd', 4),
(341, 'ef4541046481fbd600def878bb30104ace4e0f92cb7e180ee42e305515e015288184d9f28a1ecdbd', '2021-09-29 03:52:58', '2021-09-22 03:52:58', '::1', '2021-09-22 03:55:37', '::1', '32e7dc75b726d1489efdacc3e6e6f706593e234d4f01190f65bd455ba0810704b08abac8929ff1b9', 4),
(342, '32e7dc75b726d1489efdacc3e6e6f706593e234d4f01190f65bd455ba0810704b08abac8929ff1b9', '2021-09-29 03:55:37', '2021-09-22 03:55:37', '::1', '2021-09-22 04:09:37', '::1', '0df570fa26ff975b5840d504bca119a1ce830cd8a47fa43d784ba8cd0f3eab9fd9de6a9701a54e97', 4),
(343, '0df570fa26ff975b5840d504bca119a1ce830cd8a47fa43d784ba8cd0f3eab9fd9de6a9701a54e97', '2021-09-29 04:09:37', '2021-09-22 04:09:37', '::1', '2021-09-22 04:19:16', '::1', 'fba9f7f75f3e8182754b9a7fe40a07b5cd8ddb788654ff2975f4567a32a58bc57d625e8a8f9d04d0', 4),
(344, 'fba9f7f75f3e8182754b9a7fe40a07b5cd8ddb788654ff2975f4567a32a58bc57d625e8a8f9d04d0', '2021-09-29 04:19:16', '2021-09-22 04:19:16', '::1', '2021-09-22 04:19:19', '::1', NULL, 4),
(345, 'e30adeea81fcaed51992adf55fe113727702dea54150481775ac09c89731736e7a1f4f19d4833233', '2021-09-29 04:19:25', '2021-09-22 04:19:25', '::1', '2021-09-22 04:20:12', '::1', '634d1ae0ff3d2cc0a05069d8575b1f15e037337c317525ac101ebfc3eb5e4eaca01bdc16d4e986c1', 4),
(346, '634d1ae0ff3d2cc0a05069d8575b1f15e037337c317525ac101ebfc3eb5e4eaca01bdc16d4e986c1', '2021-09-29 04:20:12', '2021-09-22 04:20:12', '::1', '2021-09-22 04:21:24', '::1', NULL, 4),
(347, '88f02959694f5c7838fff574fa3a553d37d154bf7f4d4d17c2b2a731955d3ebad49f54e3410dfb30', '2021-09-29 05:03:59', '2021-09-22 05:03:59', '::1', '2021-09-22 05:09:31', '::1', '29bb41899fed3da69fc3c67d53610f385f17651d3b64543e8be171dc6af38b9452c232bfc91cfdb0', 4),
(348, '29bb41899fed3da69fc3c67d53610f385f17651d3b64543e8be171dc6af38b9452c232bfc91cfdb0', '2021-09-29 05:09:31', '2021-09-22 05:09:31', '::1', '2021-09-22 05:12:20', '::1', NULL, 4),
(349, '4f62679e77762e74722fd7da41a14f3c9a4172281ef603d1de784662708bb64b8d0c30b5be646141', '2021-09-29 05:12:41', '2021-09-22 05:12:41', '::1', '2021-09-22 05:13:33', '::1', NULL, 3),
(350, '705a3d6eefeef8eb2895cfc48dd754c85905a572b32f90ebf527713823cb7512a218b81d5ae731fc', '2021-09-29 05:13:38', '2021-09-22 05:13:38', '::1', '2021-09-22 05:14:12', '::1', NULL, 4),
(351, 'c1a88a776f95871862b2a1b2e4789ff739ab663e701747841733bb69e82cb9984b2c2d8043553515', '2021-09-29 05:14:16', '2021-09-22 05:14:16', '::1', '2021-09-22 05:14:24', '::1', NULL, 4),
(352, '869effe78b1f6699661d29fc1f1d55ef588d082f4861f176b5cd65329e1429002b418c00a3076a88', '2021-09-29 05:14:30', '2021-09-22 05:14:30', '::1', '2021-09-22 05:15:02', '::1', NULL, 3),
(353, '78cbb0e5cffbe558de42388413cf57cbb496fa0a94f2e9d4d22b46c1de2e51ec487928bd6310cd09', '2021-09-29 05:15:06', '2021-09-22 05:15:06', '::1', '2021-09-22 05:16:08', '::1', NULL, 4),
(354, 'a325fe15692044b79fcb318989405201d68d353ba57771c70d8319ccadc25b9da80d29281e6e905d', '2021-09-29 05:16:13', '2021-09-22 05:16:13', '::1', '2021-09-22 05:17:24', '::1', NULL, 3),
(355, 'c6e225852596f7fe2f5326fff879b85aeab5cc8efcc524919c3a376dccd5372f7c92afaa01ceb001', '2021-09-29 05:17:39', '2021-09-22 05:17:39', '::1', '2021-09-22 05:19:52', '::1', NULL, 3),
(356, '77c5f36414e44b07006681318afeee227fbad8240f61319d27992cd8aab8e84214195a6563b0b86c', '2021-09-29 05:19:56', '2021-09-22 05:19:56', '::1', '2021-09-22 05:21:24', '::1', 'adce0dfa03717c87268708b9455527b68d12411edb813e2c4cf24f54ba1947ee394a199e77f893c8', 4),
(357, 'adce0dfa03717c87268708b9455527b68d12411edb813e2c4cf24f54ba1947ee394a199e77f893c8', '2021-09-29 05:21:24', '2021-09-22 05:21:24', '::1', '2021-09-22 05:24:25', '::1', '2fb1ca7f660d20802b3252cd3481b0df23837efed320e73c9c90d5f8671a6385b74cb22f941bfc83', 4),
(358, '2fb1ca7f660d20802b3252cd3481b0df23837efed320e73c9c90d5f8671a6385b74cb22f941bfc83', '2021-09-29 05:24:25', '2021-09-22 05:24:25', '::1', '2021-09-22 05:26:37', '::1', '49116ecebde9bc7db566ec3f6e9a59ae39de5d9139f09fc94e0c58933be08297cbee0163c0893d2b', 4),
(359, '49116ecebde9bc7db566ec3f6e9a59ae39de5d9139f09fc94e0c58933be08297cbee0163c0893d2b', '2021-09-29 05:26:37', '2021-09-22 05:26:37', '::1', '2021-09-22 05:27:03', '::1', 'ba416fa5685863386a964e16e4cc45da2f3f1ec93c3c41e3017920af2d328f00f17523f6198b3ecb', 4),
(360, 'ba416fa5685863386a964e16e4cc45da2f3f1ec93c3c41e3017920af2d328f00f17523f6198b3ecb', '2021-09-29 05:27:03', '2021-09-22 05:27:03', '::1', '2021-09-22 05:31:12', '::1', '2b93331a14a12081b7bb6393001382c43336d2422124f5e829e5242104ebad1af46ba0b236a33e3a', 4),
(361, '2b93331a14a12081b7bb6393001382c43336d2422124f5e829e5242104ebad1af46ba0b236a33e3a', '2021-09-29 05:31:12', '2021-09-22 05:31:12', '::1', '2021-09-22 05:31:21', '::1', '39fc73ca18dfbd58a76b1ae4120f8c9ad6e60086f44d4a1b9ac005e42a3c6fc2ef659586b95238c1', 4),
(362, '39fc73ca18dfbd58a76b1ae4120f8c9ad6e60086f44d4a1b9ac005e42a3c6fc2ef659586b95238c1', '2021-09-29 05:31:21', '2021-09-22 05:31:21', '::1', '2021-09-22 05:31:54', '::1', 'd2d8d44c0538f3b597f42c5fcae6b6f601cdc3124c6fbee6e6f2a5eed2ba8de5a4dd88cb58e6da52', 4),
(363, 'd2d8d44c0538f3b597f42c5fcae6b6f601cdc3124c6fbee6e6f2a5eed2ba8de5a4dd88cb58e6da52', '2021-09-29 05:31:54', '2021-09-22 05:31:54', '::1', '2021-09-22 05:32:37', '::1', '0aba0d75ca0f93010beeffa52fdbbe901799238a7dc4f94a545ca018712036d08711cd9eb0728c48', 4),
(364, '0aba0d75ca0f93010beeffa52fdbbe901799238a7dc4f94a545ca018712036d08711cd9eb0728c48', '2021-09-29 05:32:37', '2021-09-22 05:32:37', '::1', '2021-09-22 05:32:57', '::1', 'f3e6b790f5caa72b8d28362a22ec5b610a600614daf1aeaeae0e53f2d6dc3e8c7f40853cc51581b0', 4),
(365, 'f3e6b790f5caa72b8d28362a22ec5b610a600614daf1aeaeae0e53f2d6dc3e8c7f40853cc51581b0', '2021-09-29 05:32:57', '2021-09-22 05:32:57', '::1', '2021-09-22 05:32:57', '::1', '20982693336c3a66aeb6411d3ccf53690dc10eb819f17e2a8603f223b300250302142573d650cb0a', 4),
(366, '20982693336c3a66aeb6411d3ccf53690dc10eb819f17e2a8603f223b300250302142573d650cb0a', '2021-09-29 05:32:57', '2021-09-22 05:32:57', '::1', '2021-09-22 05:46:57', '::1', '6f3b051baadf3b7bd0d85150880feeaf1915b50903c85d0afa05f765a3a87fee38b1549b7a89117c', 4),
(367, '6f3b051baadf3b7bd0d85150880feeaf1915b50903c85d0afa05f765a3a87fee38b1549b7a89117c', '2021-09-29 05:46:57', '2021-09-22 05:46:57', '::1', '2021-09-22 06:00:57', '::1', '0ef0ed3a92ac24b9a92d90b880f07d32fd07f3865f33d3a390801ca27696f5636656d0b90a2b160e', 4),
(368, '0ef0ed3a92ac24b9a92d90b880f07d32fd07f3865f33d3a390801ca27696f5636656d0b90a2b160e', '2021-09-29 06:00:57', '2021-09-22 06:00:57', '::1', '2021-09-22 06:12:13', '::1', '367c51ed1023fa798a844653e7f2903197d4d6bf90d4458316c9d8323ab8221f413bf18f1e7c76bb', 4),
(369, '367c51ed1023fa798a844653e7f2903197d4d6bf90d4458316c9d8323ab8221f413bf18f1e7c76bb', '2021-09-29 06:12:13', '2021-09-22 06:12:13', '::1', '2021-09-22 06:18:35', '::1', NULL, 4),
(370, '875cf7cccc311aaca95a645cfe48cca2813b08ac5c643b012dd79a64a24e2bf021ba5fd1367f313a', '2021-09-29 06:19:16', '2021-09-22 06:19:16', '::1', '2021-09-22 06:19:19', '::1', NULL, 4),
(371, 'dfcfa26a5e789b8b9f81ffb16bc8dabe5dd950a3c4f904da6e0bbdfcebb00ea99e2c52cedda7f657', '2021-09-29 06:33:51', '2021-09-22 06:33:51', '::1', '2021-09-22 06:33:54', '::1', NULL, 4),
(372, 'afc870d3d8c0b6e57c86018b61f1632b32a42c2f98ba420f1a60568d81ba8119c5cfae4ce7af7a60', '2021-09-29 06:34:07', '2021-09-22 06:34:07', '::1', '2021-09-22 06:34:17', '::1', '3019cdc421dac8d47033ad65214345329bf1a88bf5e8218fb2ca9a29463bae401e238fd2eb84eaf7', 4),
(373, '3019cdc421dac8d47033ad65214345329bf1a88bf5e8218fb2ca9a29463bae401e238fd2eb84eaf7', '2021-09-29 06:34:17', '2021-09-22 06:34:17', '::1', '2021-09-22 06:34:19', '::1', NULL, 4),
(374, '94aae7e4b1d756ffa0499cc80ee2e2030812df0bfa35aad442c2134999a2a9184c39ba3f73dcc239', '2021-09-29 06:40:57', '2021-09-22 06:40:57', '::1', '2021-09-22 06:42:34', '::1', '66a5d58083dc91b44fb33f446ad9814ca78204754fc85654ec729b851ddec1ac0e6637a59a4501ad', 4),
(375, '66a5d58083dc91b44fb33f446ad9814ca78204754fc85654ec729b851ddec1ac0e6637a59a4501ad', '2021-09-29 06:42:34', '2021-09-22 06:42:34', '::1', '2021-09-22 06:43:04', '::1', '67730e7dd2897443fe839e063331d784511d20f271a0e98f210529a5e33c1e0a897f979a58372eac', 4),
(376, '67730e7dd2897443fe839e063331d784511d20f271a0e98f210529a5e33c1e0a897f979a58372eac', '2021-09-29 06:43:04', '2021-09-22 06:43:04', '::1', '2021-09-22 06:43:31', '::1', 'f55a1574ed4bd7ce62980c422b24c102a947b6b47332715e2bb315d13a6511f1530cc12590f24c3b', 4),
(377, 'f55a1574ed4bd7ce62980c422b24c102a947b6b47332715e2bb315d13a6511f1530cc12590f24c3b', '2021-09-29 06:43:31', '2021-09-22 06:43:31', '::1', '2021-09-22 06:43:44', '::1', NULL, 4),
(378, '73be17b9a16c7768092ea39c7d3ca96a92e48e1714cce82bccb23188d7cd861bb0b2820f040b9114', '2021-09-29 06:43:50', '2021-09-22 06:43:50', '::1', '2021-09-22 06:44:01', '::1', NULL, 4),
(379, '524812b6994f77f4ed346676b3299ea1086d52453221a405136c3544fab2eb63c63669ba3b13bfe7', '2021-09-29 06:46:08', '2021-09-22 06:46:08', '::1', '2021-09-22 06:46:17', '::1', NULL, 4),
(380, 'fcc33f1cc2d5cc472f27599192cf547fbaae8c42d1c44f430212dfa0d1e5f07dc17b87ade96a223b', '2021-09-29 06:53:57', '2021-09-22 06:53:57', '::1', '2021-09-22 06:54:13', '::1', '94c17f2fc6446b7cb8e53e2beb41e0f4161b11ddb52b9dee55b344cad61556faaec9de196759abcf', 4),
(381, '94c17f2fc6446b7cb8e53e2beb41e0f4161b11ddb52b9dee55b344cad61556faaec9de196759abcf', '2021-09-29 06:54:13', '2021-09-22 06:54:13', '::1', '2021-09-22 06:54:36', '::1', NULL, 4),
(382, 'da4598ea3e02eede1ae17ef2733c84382b3ae46558744304b720be95997572f49a120ec5256693b8', '2021-09-29 07:02:21', '2021-09-22 07:02:21', '::1', '2021-09-22 07:09:09', '::1', '0c4ce8ee9f0ca282c4548215d18222fcee402a63d2ae3db1adcc883992cb30ca48851e4cdd9eda90', 4),
(383, '0c4ce8ee9f0ca282c4548215d18222fcee402a63d2ae3db1adcc883992cb30ca48851e4cdd9eda90', '2021-09-29 07:09:09', '2021-09-22 07:09:09', '::1', '2021-09-22 07:23:09', '::1', '619c295ee10b551dd6eca94ac904842febee4b3eeb1de2d1ee2008bdcbc82f1a50eb650e7102f554', 4),
(384, '619c295ee10b551dd6eca94ac904842febee4b3eeb1de2d1ee2008bdcbc82f1a50eb650e7102f554', '2021-09-29 07:23:09', '2021-09-22 07:23:09', '::1', '2021-09-22 07:37:09', '::1', 'b3496288a2a7dca50e506142ca231728c66182b9b2d2040da28d7b35014d4a1870e7b0ed0ff8f002', 4),
(385, 'b3496288a2a7dca50e506142ca231728c66182b9b2d2040da28d7b35014d4a1870e7b0ed0ff8f002', '2021-09-29 07:37:09', '2021-09-22 07:37:09', '::1', '2021-09-22 07:51:09', '::1', '79edaf806b059a031e4d79365307ccca90d8a8b696310a6ed66e309d0f446438d5319b52c401598c', 4),
(386, '79edaf806b059a031e4d79365307ccca90d8a8b696310a6ed66e309d0f446438d5319b52c401598c', '2021-09-29 07:51:09', '2021-09-22 07:51:09', '::1', '2021-09-22 08:05:09', '::1', 'c1a5e4885920dcd8ac72ca81668f05c8193aa7ae07dcecf09608be6142b4d80bcd8848ee5d171c96', 4),
(387, 'c1a5e4885920dcd8ac72ca81668f05c8193aa7ae07dcecf09608be6142b4d80bcd8848ee5d171c96', '2021-09-29 08:05:09', '2021-09-22 08:05:09', '::1', '2021-09-22 08:19:09', '::1', 'fbb0e84d3a28d8b8389699b648e23fb0eeed1dafc0119e54170572090b3a96bc01ac7d7918efe4d0', 4),
(388, 'fbb0e84d3a28d8b8389699b648e23fb0eeed1dafc0119e54170572090b3a96bc01ac7d7918efe4d0', '2021-09-29 08:19:09', '2021-09-22 08:19:09', '::1', '2021-09-22 08:33:09', '::1', '21e3d1338f773108bdd36012e461ebae8ecfd4610858cba0e92353a979d59209e777bcceb226ea42', 4),
(389, '21e3d1338f773108bdd36012e461ebae8ecfd4610858cba0e92353a979d59209e777bcceb226ea42', '2021-09-29 08:33:09', '2021-09-22 08:33:09', '::1', '2021-09-22 08:47:09', '::1', 'fbf7a3c93938b11dde20e33821264723a86c58bc906cfe06f5eb3a70e7b15f535ff35f015aba9e6d', 4),
(390, 'fbf7a3c93938b11dde20e33821264723a86c58bc906cfe06f5eb3a70e7b15f535ff35f015aba9e6d', '2021-09-29 08:47:09', '2021-09-22 08:47:09', '::1', '2021-09-22 09:01:09', '::1', '28c72a4be56d56b110840e83e4d1759ccc8f58d5716553955c37ab1f95ce9163dfd90009bf07ec62', 4),
(391, '28c72a4be56d56b110840e83e4d1759ccc8f58d5716553955c37ab1f95ce9163dfd90009bf07ec62', '2021-09-29 09:01:09', '2021-09-22 09:01:09', '::1', '2021-09-22 09:15:09', '::1', '795d054352dbdd755efcf59283bef3d67cc563874349a85322c8bd2c202fee6640cfb5150df28e9c', 4),
(392, '795d054352dbdd755efcf59283bef3d67cc563874349a85322c8bd2c202fee6640cfb5150df28e9c', '2021-09-29 09:15:09', '2021-09-22 09:15:09', '::1', '2021-09-22 09:29:09', '::1', 'ad1b71b278b32b2c54ed0207785389447059b8afe19229e44bedbc749d3149d92e79269b9bb2c0ec', 4),
(393, 'ad1b71b278b32b2c54ed0207785389447059b8afe19229e44bedbc749d3149d92e79269b9bb2c0ec', '2021-09-29 09:29:09', '2021-09-22 09:29:09', '::1', '2021-09-22 09:43:09', '::1', '18e94a4cbee0f262132b17ef313efb591fd7e2217d59c32bb56656011beaf8b8367bcf91df3777c3', 4),
(394, '18e94a4cbee0f262132b17ef313efb591fd7e2217d59c32bb56656011beaf8b8367bcf91df3777c3', '2021-09-29 09:43:09', '2021-09-22 09:43:09', '::1', '2021-09-22 09:57:09', '::1', '2ba03b20eaa543de0c8e12b0e93d236fb0e42ebe79c62cd8334b5f74fca466666f4d5ea747de8012', 4),
(395, '2ba03b20eaa543de0c8e12b0e93d236fb0e42ebe79c62cd8334b5f74fca466666f4d5ea747de8012', '2021-09-29 09:57:09', '2021-09-22 09:57:09', '::1', '2021-09-22 10:11:09', '::1', 'cf62ae119518f46a8dc8de3646baac64cf61d87603cccf8ccb3a854082246c2d06fbd69902b5b9f9', 4),
(396, 'cf62ae119518f46a8dc8de3646baac64cf61d87603cccf8ccb3a854082246c2d06fbd69902b5b9f9', '2021-09-29 10:11:09', '2021-09-22 10:11:09', '::1', '2021-09-22 10:25:09', '::1', '9f144090a6a5f6ce4956b4e3f21edb7a6bdb1e5c6cf5404e55c39ebb3e5e6934e7753e7f561e22a4', 4),
(397, '9f144090a6a5f6ce4956b4e3f21edb7a6bdb1e5c6cf5404e55c39ebb3e5e6934e7753e7f561e22a4', '2021-09-29 10:25:09', '2021-09-22 10:25:09', '::1', '2021-09-22 10:39:09', '::1', '0783d86512b86a86135c7f8fe5a0f53c77e992b78ee43f398e6c1c2935a5bdf84e020dd4845a3842', 4),
(398, '0783d86512b86a86135c7f8fe5a0f53c77e992b78ee43f398e6c1c2935a5bdf84e020dd4845a3842', '2021-09-29 10:39:09', '2021-09-22 10:39:09', '::1', '2021-09-22 10:53:09', '::1', '3a85403efb4f1a6da4f568552143193b891c547fbd5d463b8603a3bf005f088e6f3bae2c8bf5de6d', 4),
(399, '3a85403efb4f1a6da4f568552143193b891c547fbd5d463b8603a3bf005f088e6f3bae2c8bf5de6d', '2021-09-29 10:53:09', '2021-09-22 10:53:09', '::1', '2021-09-22 11:07:09', '::1', '941d811d63f4df97071708342f951baeb7ec967fff8c3e6b4a9237b8bc06b9ef9c156aca2cf35a43', 4),
(400, '941d811d63f4df97071708342f951baeb7ec967fff8c3e6b4a9237b8bc06b9ef9c156aca2cf35a43', '2021-09-29 11:07:09', '2021-09-22 11:07:09', '::1', '2021-09-22 11:21:09', '::1', '5d2d02dbdb94423eb393aaa4037e3e2d9a55b2651892f8c5259d96f4ed438d040626edb59bac5e15', 4),
(401, '5d2d02dbdb94423eb393aaa4037e3e2d9a55b2651892f8c5259d96f4ed438d040626edb59bac5e15', '2021-09-29 11:21:09', '2021-09-22 11:21:09', '::1', '2021-09-22 11:35:09', '::1', '0dd17474eeac6868a007924223a7aaa6ea5bd5421785a2d91745b3bb2c765a1566c9c2c317d459dd', 4),
(402, '0dd17474eeac6868a007924223a7aaa6ea5bd5421785a2d91745b3bb2c765a1566c9c2c317d459dd', '2021-09-29 11:35:09', '2021-09-22 11:35:09', '::1', '2021-09-22 11:49:09', '::1', 'f666ac65163152d122c187c56d55c1ae5cf96e747ade545292ba642751ff9750a7a84a0020d3428f', 4),
(403, 'f666ac65163152d122c187c56d55c1ae5cf96e747ade545292ba642751ff9750a7a84a0020d3428f', '2021-09-29 11:49:09', '2021-09-22 11:49:09', '::1', '2021-09-22 12:03:09', '::1', 'bd182cb39cabace2ba11117d8c77aba4469c073abe3a566d817976f21d296d8f7458c441dc9c6b82', 4),
(404, 'bd182cb39cabace2ba11117d8c77aba4469c073abe3a566d817976f21d296d8f7458c441dc9c6b82', '2021-09-29 12:03:09', '2021-09-22 12:03:09', '::1', '2021-09-22 12:17:09', '::1', '713b38e666f7a9278801273a176dbd3466c9f1893f89d8d86479220ee50ab046808ab64282d1693b', 4),
(405, '713b38e666f7a9278801273a176dbd3466c9f1893f89d8d86479220ee50ab046808ab64282d1693b', '2021-09-29 12:17:09', '2021-09-22 12:17:09', '::1', '2021-09-22 12:31:09', '::1', '3573f935c85a1d237ca50fb8b9d783fa88ba6841a0e7c0f0bf2827495095b5b8d2789e4e6b05ea47', 4),
(406, '3573f935c85a1d237ca50fb8b9d783fa88ba6841a0e7c0f0bf2827495095b5b8d2789e4e6b05ea47', '2021-09-29 12:31:09', '2021-09-22 12:31:09', '::1', '2021-09-22 12:45:09', '::1', '80232a91d5a66552cf4a87cb23bf91bdf6c010463830db5f031c9023ea4c19ee780dedcb897820a4', 4),
(407, '80232a91d5a66552cf4a87cb23bf91bdf6c010463830db5f031c9023ea4c19ee780dedcb897820a4', '2021-09-29 12:45:09', '2021-09-22 12:45:09', '::1', '2021-09-22 12:59:09', '::1', '7e35ccf048c3423d0114b91b169cde3c4e75a1c67debf0ae53b5b6afe16f1ba740d5e0cfcd4a328d', 4),
(408, '7e35ccf048c3423d0114b91b169cde3c4e75a1c67debf0ae53b5b6afe16f1ba740d5e0cfcd4a328d', '2021-09-29 12:59:09', '2021-09-22 12:59:09', '::1', '2021-09-22 13:13:09', '::1', 'fbba7760c9ed6eb814c63b5b03e6f2839fca28ac978d789299e0d66a06676fa9249bbac338e6865d', 4),
(409, 'fbba7760c9ed6eb814c63b5b03e6f2839fca28ac978d789299e0d66a06676fa9249bbac338e6865d', '2021-09-29 13:13:09', '2021-09-22 13:13:09', '::1', '2021-09-22 13:27:09', '::1', '457f972203c5111cbbbbd1070edc0fc1bee9aca905e94d5e4dfcab50e0a5a0918b5b8f17c62146fc', 4),
(410, '457f972203c5111cbbbbd1070edc0fc1bee9aca905e94d5e4dfcab50e0a5a0918b5b8f17c62146fc', '2021-09-29 13:27:09', '2021-09-22 13:27:09', '::1', '2021-09-22 13:41:09', '::1', '479f63c82f1db862499b56f0084f86086b440e85bb1905dcf48a0f825312f7b02700f7f393325286', 4),
(411, '479f63c82f1db862499b56f0084f86086b440e85bb1905dcf48a0f825312f7b02700f7f393325286', '2021-09-29 13:41:09', '2021-09-22 13:41:09', '::1', '2021-09-22 13:55:09', '::1', '987221d4336ff40400e21edc261b5d2156d421eb2edae0ab2ce5029c68626d6d3ed9da3bcc329ed9', 4),
(412, '987221d4336ff40400e21edc261b5d2156d421eb2edae0ab2ce5029c68626d6d3ed9da3bcc329ed9', '2021-09-29 13:55:09', '2021-09-22 13:55:09', '::1', '2021-09-22 14:09:09', '::1', 'f00fd95c287638cc555bcee795321c4366c5e2da72162655e03de242b0f1de646866d2a4f44800e3', 4);
INSERT INTO `refreshtokens` (`id`, `token`, `expires`, `created`, `createdByIp`, `revoked`, `revokedByIp`, `replacedByToken`, `accountId`) VALUES
(413, 'f00fd95c287638cc555bcee795321c4366c5e2da72162655e03de242b0f1de646866d2a4f44800e3', '2021-09-29 14:09:09', '2021-09-22 14:09:09', '::1', '2021-09-22 14:23:09', '::1', '0abe754e698de19145e1ae779cd9f0ff609d568345b1a11578bc588fedb3123a30dbb54bcaad717b', 4),
(414, '0abe754e698de19145e1ae779cd9f0ff609d568345b1a11578bc588fedb3123a30dbb54bcaad717b', '2021-09-29 14:23:09', '2021-09-22 14:23:09', '::1', '2021-09-22 14:37:09', '::1', 'ea8c86809e7ac2f2815169eb9501dd5b899f90a9f8b9266d249ac88d1718685e2e58a3c77553138a', 4),
(415, 'ea8c86809e7ac2f2815169eb9501dd5b899f90a9f8b9266d249ac88d1718685e2e58a3c77553138a', '2021-09-29 14:37:09', '2021-09-22 14:37:09', '::1', '2021-09-22 14:51:09', '::1', 'cea4fc3f475183cb1185df425b9dbbd5b22a351617ff3255aacc7bae8ab0e7b1a1df530d9b151126', 4),
(416, 'cea4fc3f475183cb1185df425b9dbbd5b22a351617ff3255aacc7bae8ab0e7b1a1df530d9b151126', '2021-09-29 14:51:09', '2021-09-22 14:51:09', '::1', '2021-09-22 15:05:09', '::1', 'c30eb0e9e216290df0f167ce146c14f8ad455519b2fb9c5df7a6851678014fa654b8f482ace8caa2', 4),
(417, 'c30eb0e9e216290df0f167ce146c14f8ad455519b2fb9c5df7a6851678014fa654b8f482ace8caa2', '2021-09-29 15:05:09', '2021-09-22 15:05:09', '::1', '2021-09-22 16:07:48', '::1', '6ef87b8946a7359dc8c6af2c69100d93f3fdc14b4d02bb44268da6d451f7875a3360de90b6f80abf', 4),
(418, '6ef87b8946a7359dc8c6af2c69100d93f3fdc14b4d02bb44268da6d451f7875a3360de90b6f80abf', '2021-09-29 16:07:48', '2021-09-22 16:07:48', '::1', '2021-09-22 16:07:52', '::1', NULL, 4),
(419, 'a5142766cb45d8392f85910e8174b6fc42bbeabb4115e027e7fd6dd1ab9e5a915c7b7fb5fa5fe528', '2021-09-29 16:08:01', '2021-09-22 16:08:01', '::1', '2021-09-22 16:08:20', '::1', '087ea6b96fe0c3b1ed46a56c5907c69bd371652dfb2f28f30a2d6bfad616e026ff57cc1002474e46', 4),
(420, '087ea6b96fe0c3b1ed46a56c5907c69bd371652dfb2f28f30a2d6bfad616e026ff57cc1002474e46', '2021-09-29 16:08:20', '2021-09-22 16:08:20', '::1', '2021-09-22 16:09:24', '::1', NULL, 4),
(421, '9a8298d3c319f7eadf71087f0a70545f476481d886bcf3778ba50da3cbbce286f0e30f5d119b1350', '2021-09-29 16:09:44', '2021-09-22 16:09:44', '::1', '2021-09-22 16:23:44', '::1', 'c49acf0cc44fe10c63ecc0e2137f4cec17d8769e008e42768fd1a3cec09f8ce3a77f4eb2cb6e2e26', 4),
(422, 'c49acf0cc44fe10c63ecc0e2137f4cec17d8769e008e42768fd1a3cec09f8ce3a77f4eb2cb6e2e26', '2021-09-29 16:23:44', '2021-09-22 16:23:44', '::1', '2021-09-22 17:58:40', '::1', '36ff3f668ec9f4df432cb28699d43694ba3baf62405f1b66f3fb66345629e2a9404aa0e832e7b66a', 4),
(423, '36ff3f668ec9f4df432cb28699d43694ba3baf62405f1b66f3fb66345629e2a9404aa0e832e7b66a', '2021-09-29 17:58:40', '2021-09-22 17:58:40', '::1', '2021-09-22 17:58:44', '::1', 'd2811b4efb1c2678d45ec7cde333fa649ac36808567615f018b0852206fc7f3f568ffd8d04b6ca33', 4),
(424, 'd2811b4efb1c2678d45ec7cde333fa649ac36808567615f018b0852206fc7f3f568ffd8d04b6ca33', '2021-09-29 17:58:44', '2021-09-22 17:58:44', '::1', '2021-09-24 04:22:30', '::1', '4e3dc9dea85dcffebd6e77c9eeaa1e8831a012acd663c8f7144040e48414c60de502043fe05a5f92', 4),
(425, '4e3dc9dea85dcffebd6e77c9eeaa1e8831a012acd663c8f7144040e48414c60de502043fe05a5f92', '2021-10-01 04:22:30', '2021-09-24 04:22:30', '::1', '2021-09-24 04:24:41', '::1', '5234a9ff0e4bb86b80e3d7352e9c7406cdd4a31d31a412b93a7a04ef611d02ef2fd58046b333ef3b', 4),
(426, '5234a9ff0e4bb86b80e3d7352e9c7406cdd4a31d31a412b93a7a04ef611d02ef2fd58046b333ef3b', '2021-10-01 04:24:41', '2021-09-24 04:24:41', '::1', '2021-09-24 04:26:22', '::1', 'c698d0fcdd91ef808e4189c43127f9a0591fdd2caa07bf517cae13d268fa523911081fd9bca88239', 4),
(427, 'c698d0fcdd91ef808e4189c43127f9a0591fdd2caa07bf517cae13d268fa523911081fd9bca88239', '2021-10-01 04:26:22', '2021-09-24 04:26:22', '::1', '2021-09-24 04:40:23', '::1', 'c52a83a73add938742b48f4fa67f6e4b8eefe2dd9331b3ed55b33981480237dd261e47f17be8d2e0', 4),
(428, 'c52a83a73add938742b48f4fa67f6e4b8eefe2dd9331b3ed55b33981480237dd261e47f17be8d2e0', '2021-10-01 04:40:23', '2021-09-24 04:40:23', '::1', '2021-09-24 04:54:23', '::1', '8aae7cec44127111a6e041910cf1682f11fa98d4f951e8b43e831ccfff51118668c10dab5a6b91cb', 4),
(429, '8aae7cec44127111a6e041910cf1682f11fa98d4f951e8b43e831ccfff51118668c10dab5a6b91cb', '2021-10-01 04:54:23', '2021-09-24 04:54:23', '::1', '2021-09-24 09:05:59', '::1', 'ff53aa5dfcc0853a02e0279c3352f95ebe816fb0994339f1463c1c812c64b06d8f976298658b7c34', 4),
(430, 'ff53aa5dfcc0853a02e0279c3352f95ebe816fb0994339f1463c1c812c64b06d8f976298658b7c34', '2021-10-01 09:05:59', '2021-09-24 09:05:59', '::1', '2021-09-24 09:06:03', '::1', NULL, 4),
(431, '7fa7f36ab8bf1fff96856b637ba6c3b4b3edaa140d493286e5284d3c7623556fad4b5b28451e8f8c', '2021-10-01 09:06:17', '2021-09-24 09:06:17', '::1', '2021-09-24 09:17:04', '::1', '71c0d6f7f682fb01502408201947e7f7d3e4524f412c6163afb35acb96097ddccc23cd448b36d036', 3),
(432, '71c0d6f7f682fb01502408201947e7f7d3e4524f412c6163afb35acb96097ddccc23cd448b36d036', '2021-10-01 09:17:04', '2021-09-24 09:17:04', '::1', '2021-09-24 09:31:04', '::1', '6616d429e86c0b9f24c373c79e172f62166ced4f22fbab902586f101f7fea16e52586dc8dabbfd95', 3),
(433, '6616d429e86c0b9f24c373c79e172f62166ced4f22fbab902586f101f7fea16e52586dc8dabbfd95', '2021-10-01 09:31:04', '2021-09-24 09:31:04', '::1', '2021-09-24 09:44:13', '::1', 'bd6c36587a58812c3e80dda1df199716a1ac5fd9208a63ed3d13ff45ae0f9d83951bf6e1b0499e1c', 3),
(434, 'bd6c36587a58812c3e80dda1df199716a1ac5fd9208a63ed3d13ff45ae0f9d83951bf6e1b0499e1c', '2021-10-01 09:44:13', '2021-09-24 09:44:13', '::1', '2021-09-24 09:58:13', '::1', '076bf60f3a98fa5aa216fcb2329bf284fc43c1204854a62fe9c2f46f0f2cfb427c94afe4d9ce33df', 3),
(435, '076bf60f3a98fa5aa216fcb2329bf284fc43c1204854a62fe9c2f46f0f2cfb427c94afe4d9ce33df', '2021-10-01 09:58:13', '2021-09-24 09:58:13', '::1', '2021-09-24 10:10:07', '::1', NULL, 3),
(436, '3682341dfdfbc1f06693f41172b5348e12bd3c56c9e20f9459b8b5fb1bd5ae5985b253c9ead9f4ba', '2021-10-01 10:10:13', '2021-09-24 10:10:13', '::1', '2021-09-24 10:15:03', '::1', '97efb0fd81e0f42c2ef399a1209a3e4e6fd66d04c1f214c93da46ce88e05d16a42d330dce028e8a1', 4),
(437, '97efb0fd81e0f42c2ef399a1209a3e4e6fd66d04c1f214c93da46ce88e05d16a42d330dce028e8a1', '2021-10-01 10:15:03', '2021-09-24 10:15:03', '::1', '2021-09-24 10:18:38', '::1', 'ead30204573293bfb464ac26c80737c31940a3b2d49488603f9d9104cdef1d30b4efd5a6e2fc8abf', 4),
(438, 'ead30204573293bfb464ac26c80737c31940a3b2d49488603f9d9104cdef1d30b4efd5a6e2fc8abf', '2021-10-01 10:18:38', '2021-09-24 10:18:38', '::1', '2021-09-24 10:32:39', '::1', '305231f73569d6677439c7df157168efa531878aaf639bd53572bd693cf3dac28bb5bcc7083bd4ac', 4),
(439, '305231f73569d6677439c7df157168efa531878aaf639bd53572bd693cf3dac28bb5bcc7083bd4ac', '2021-10-01 10:32:39', '2021-09-24 10:32:39', '::1', '2021-09-24 10:32:48', '::1', '3dab18ef3018c6cf3170da76f275f73eda46cc84931c147e9ea1516729de3dfc86642684203a88b8', 4),
(440, '3dab18ef3018c6cf3170da76f275f73eda46cc84931c147e9ea1516729de3dfc86642684203a88b8', '2021-10-01 10:32:48', '2021-09-24 10:32:48', '::1', '2021-09-24 10:32:58', '::1', 'f7d85d76e18134bebb137cb9ad4d3bd9a80629a6feace0202967695abaef0690a3417af4ff5ce1ce', 4),
(441, 'f7d85d76e18134bebb137cb9ad4d3bd9a80629a6feace0202967695abaef0690a3417af4ff5ce1ce', '2021-10-01 10:32:58', '2021-09-24 10:32:58', '::1', '2021-09-24 10:36:57', '::1', '298f33e055b3f45f1da6847b4bf45cf8c0ba4e1ceb81495017ab466a82ccea63e733505aff18c522', 4),
(442, '298f33e055b3f45f1da6847b4bf45cf8c0ba4e1ceb81495017ab466a82ccea63e733505aff18c522', '2021-10-01 10:36:57', '2021-09-24 10:36:57', '::1', '2021-09-24 10:37:05', '::1', '3a113ed3206fbd9504dcb51e5af4ce54b59a3944dfd8cfa8396212a302ed4f5d47d62262d09dbade', 4),
(443, '3a113ed3206fbd9504dcb51e5af4ce54b59a3944dfd8cfa8396212a302ed4f5d47d62262d09dbade', '2021-10-01 10:37:05', '2021-09-24 10:37:05', '::1', '2021-09-24 10:38:49', '::1', 'a008c1d7613eaa550b9e1683058753133399bb4e03c8ed8bbe0e78e87d288eb3ded2cb045957c062', 4),
(444, 'a008c1d7613eaa550b9e1683058753133399bb4e03c8ed8bbe0e78e87d288eb3ded2cb045957c062', '2021-10-01 10:38:49', '2021-09-24 10:38:49', '::1', '2021-09-24 10:45:16', '::1', '16c6809004f8bb01cb65d5b2450ce108ab99e39f70cd61b7865fbefc1ed74df9e63010bf98302599', 4),
(445, '16c6809004f8bb01cb65d5b2450ce108ab99e39f70cd61b7865fbefc1ed74df9e63010bf98302599', '2021-10-01 10:45:16', '2021-09-24 10:45:16', '::1', '2021-09-24 10:48:00', '::1', '1ddf4092c359fa3a001465bfcd405c1ff2d34dd11480648affba1df173c2b7c7cbf8b18f0618019f', 4),
(446, '1ddf4092c359fa3a001465bfcd405c1ff2d34dd11480648affba1df173c2b7c7cbf8b18f0618019f', '2021-10-01 10:48:00', '2021-09-24 10:48:00', '::1', '2021-09-24 10:51:53', '::1', 'eea6a5f5c4aff6eec5947657f8e7d2d78a4d5b38e6a3b0706a2378fff9e7095fbf6eb013549641ef', 4),
(447, 'eea6a5f5c4aff6eec5947657f8e7d2d78a4d5b38e6a3b0706a2378fff9e7095fbf6eb013549641ef', '2021-10-01 10:51:53', '2021-09-24 10:51:53', '::1', '2021-09-24 10:55:55', '::1', NULL, 4),
(448, 'e0b80ba3437196f7acda4bb6fb49f3161df940e316b9b34efeec84c1bca810806e97752260523509', '2021-10-01 10:56:36', '2021-09-24 10:56:36', '::1', '2021-09-24 10:56:57', '::1', NULL, 8),
(449, 'd5b50b7280ca1032ab62da66f455eea0bf3716e7371ecc74cf68b483504c9b9b89dcbfa3d7481bd2', '2021-10-01 11:32:45', '2021-09-24 11:32:45', '::1', '2021-09-24 11:33:03', '::1', 'f49239b9688b5285633d2cf88e1bc2f92a8852bdc1ca063e26278988e911dca8b98ea9ca14dc6c15', 8),
(450, 'f49239b9688b5285633d2cf88e1bc2f92a8852bdc1ca063e26278988e911dca8b98ea9ca14dc6c15', '2021-10-01 11:33:03', '2021-09-24 11:33:03', '::1', '2021-09-24 11:33:19', '::1', NULL, 8),
(451, 'a47e83e9860b9483c000b9028486f74daedf50ed25df0c5a16fe078c0bf6893ad77ab368b91220b2', '2021-10-01 11:34:15', '2021-09-24 11:34:15', '::1', '2021-09-24 11:34:21', '::1', 'd3b90548e798b77c13a448f6aedbc5097df4a962b03c699835f633e394957365c7daf7ccd30a64ee', 8),
(452, 'd3b90548e798b77c13a448f6aedbc5097df4a962b03c699835f633e394957365c7daf7ccd30a64ee', '2021-10-01 11:34:21', '2021-09-24 11:34:21', '::1', '2021-09-24 11:36:04', '::1', NULL, 8),
(453, 'bfb89fd4d3a217ef68dc0c7741456283dfcc9b45f837d01e62d9610f4b716d08aad544085edd23ec', '2021-10-01 11:36:41', '2021-09-24 11:36:41', '::1', '2021-09-24 11:38:00', '::1', NULL, 18),
(454, '2caa7db5a593d7ed1d42ebd8febd788c21588d244b64cd6287568421bbf52e4eb5c799cf7169d8a9', '2021-10-01 11:38:06', '2021-09-24 11:38:06', '::1', '2021-09-24 11:38:38', '::1', 'b6656bad5527312c79d89505f33f778a6484e572cc2fef50786d749c576b6e5e149ba9df157c3e7b', 18),
(455, 'b6656bad5527312c79d89505f33f778a6484e572cc2fef50786d749c576b6e5e149ba9df157c3e7b', '2021-10-01 11:38:38', '2021-09-24 11:38:38', '::1', '2021-09-24 11:45:22', '::1', '048759d397253a966f9555b3d37359ce53a3732750f076a61eb2dc5561f850524701e72df395ea4c', 18),
(456, '048759d397253a966f9555b3d37359ce53a3732750f076a61eb2dc5561f850524701e72df395ea4c', '2021-10-01 11:45:22', '2021-09-24 11:45:22', '::1', '2021-09-24 11:47:03', '::1', 'ef4d7a2a95f02857cd94ca4ca7dd870bdaeecf9afb41a0a8c0e52433bed0426fe0050780f242fb82', 18),
(457, 'ef4d7a2a95f02857cd94ca4ca7dd870bdaeecf9afb41a0a8c0e52433bed0426fe0050780f242fb82', '2021-10-01 11:47:03', '2021-09-24 11:47:03', '::1', '2021-09-24 11:49:04', '::1', '0f749b8839ead95f3a49a59b58c19f3f3bbe01abdb8004da83d9d45a5ec0f4de5d7967706417afdd', 18),
(458, '0f749b8839ead95f3a49a59b58c19f3f3bbe01abdb8004da83d9d45a5ec0f4de5d7967706417afdd', '2021-10-01 11:49:04', '2021-09-24 11:49:04', '::1', '2021-09-24 11:49:12', '::1', '73b975f152b64d5062f59c357e46a3945ea8e5d7573bda48794f617a8f2114b4fa83467031c68f03', 18),
(459, '73b975f152b64d5062f59c357e46a3945ea8e5d7573bda48794f617a8f2114b4fa83467031c68f03', '2021-10-01 11:49:12', '2021-09-24 11:49:12', '::1', '2021-09-24 11:50:36', '::1', '3cea128caaa0a950be147864a2cd33386c74fcce9d34e72f2e878932babd8274706db326b6bfd492', 18),
(460, '3cea128caaa0a950be147864a2cd33386c74fcce9d34e72f2e878932babd8274706db326b6bfd492', '2021-10-01 11:50:36', '2021-09-24 11:50:36', '::1', '2021-09-24 11:52:57', '::1', '2b03f03c11b5a2ea8796c18da76a6b0394f3336ec20deabc88eb30a0ce00bb75a5306e11afadefd3', 18),
(461, '2b03f03c11b5a2ea8796c18da76a6b0394f3336ec20deabc88eb30a0ce00bb75a5306e11afadefd3', '2021-10-01 11:52:57', '2021-09-24 11:52:57', '::1', '2021-09-24 11:55:16', '::1', '13b262767469bd8ef8bddd93214a94f30ef2023ad3ae8dc5b9147ffe492dd5d418493a329e9f27cf', 18),
(462, '13b262767469bd8ef8bddd93214a94f30ef2023ad3ae8dc5b9147ffe492dd5d418493a329e9f27cf', '2021-10-01 11:55:16', '2021-09-24 11:55:16', '::1', '2021-09-24 12:06:20', '::1', NULL, 18),
(463, '8504874f4394e6f10933cea38116a3c7d5d029fd56a6954b85903ed669458a986d817dedc99138b2', '2021-10-01 12:06:24', '2021-09-24 12:06:24', '::1', '2021-09-24 12:08:26', '::1', '86447b296cc17b21e97ca78f18bd862d1ec0ea4669f8b498c49ebc69ea09157b50eaec9e6d7a3740', 4),
(464, '86447b296cc17b21e97ca78f18bd862d1ec0ea4669f8b498c49ebc69ea09157b50eaec9e6d7a3740', '2021-10-01 12:08:26', '2021-09-24 12:08:26', '::1', '2021-09-24 12:14:33', '::1', 'd34748fa874a5f44e489b5bdb32a0e195bdab40a3e5ea9ffa1503f6bcf59b4108b00470a806c565f', 4),
(465, 'd34748fa874a5f44e489b5bdb32a0e195bdab40a3e5ea9ffa1503f6bcf59b4108b00470a806c565f', '2021-10-01 12:14:33', '2021-09-24 12:14:33', '::1', '2021-09-24 12:14:36', '::1', '0c5af0f518d1626b45660951d4da7e471654795dd6c75c85fc4da8237cb38787eceb428ee1e09030', 4),
(466, '0c5af0f518d1626b45660951d4da7e471654795dd6c75c85fc4da8237cb38787eceb428ee1e09030', '2021-10-01 12:14:36', '2021-09-24 12:14:36', '::1', '2021-09-24 12:14:39', '::1', NULL, 4),
(467, '3facf1788cd76527369be0e893511b22f708c10ee62f30491b9a097136d377090ae1a5f4a73aed89', '2021-10-01 12:15:12', '2021-09-24 12:15:12', '::1', '2021-09-24 12:15:53', '::1', '2753b09c5802931584b5ea8a4f37536b4e843eea15c1d298a906c4ea2633701ddc59fd49c7d970eb', 18),
(468, '2753b09c5802931584b5ea8a4f37536b4e843eea15c1d298a906c4ea2633701ddc59fd49c7d970eb', '2021-10-01 12:15:53', '2021-09-24 12:15:53', '::1', '2021-09-24 12:17:08', '::1', 'e33bc874dfb57b3e2646be17b95269faed4d0b303f4c36e38fd2cca2048b97b6b859fb33108c0776', 18),
(469, 'e33bc874dfb57b3e2646be17b95269faed4d0b303f4c36e38fd2cca2048b97b6b859fb33108c0776', '2021-10-01 12:17:08', '2021-09-24 12:17:08', '::1', '2021-09-24 12:21:14', '::1', '8d03e3c6150d5590e994e00bbcbfab399bdc43f59903fcb5222967af2da7eb4137dc2e326b30fda0', 18),
(470, '8d03e3c6150d5590e994e00bbcbfab399bdc43f59903fcb5222967af2da7eb4137dc2e326b30fda0', '2021-10-01 12:21:14', '2021-09-24 12:21:14', '::1', '2021-09-24 12:22:11', '::1', 'f689e257104bca5e5f141e44e99d366f431b183c65e7eb0c086e2e9c213638088e3fe0c1a44643da', 18),
(471, 'f689e257104bca5e5f141e44e99d366f431b183c65e7eb0c086e2e9c213638088e3fe0c1a44643da', '2021-10-01 12:22:11', '2021-09-24 12:22:11', '::1', '2021-09-24 12:32:01', '::1', '8d3f468a66f9650f395f007a2b6fcfcf30c5358721c4aec3a3fb5c9b65a4561645693975ca318703', 18),
(472, '8d3f468a66f9650f395f007a2b6fcfcf30c5358721c4aec3a3fb5c9b65a4561645693975ca318703', '2021-10-01 12:32:01', '2021-09-24 12:32:01', '::1', '2021-09-24 12:32:08', '::1', 'aac5922153ee842c60b45e551d63f208560278b3939d16c49629de36a88155e2adbbe55c56cf32cd', 18),
(473, 'aac5922153ee842c60b45e551d63f208560278b3939d16c49629de36a88155e2adbbe55c56cf32cd', '2021-10-01 12:32:08', '2021-09-24 12:32:08', '::1', '2021-09-24 12:41:12', '::1', 'de424a4e3f3c5e56e74ad8b11205e42c5f0bb41ad412f86a8d24b89bd1163cb0dd40dc6fb685a35e', 18),
(474, 'de424a4e3f3c5e56e74ad8b11205e42c5f0bb41ad412f86a8d24b89bd1163cb0dd40dc6fb685a35e', '2021-10-01 12:41:12', '2021-09-24 12:41:12', '::1', '2021-09-24 12:41:48', '::1', 'f08c85fc5f5be0a760929f75ea05057acc023f0c1f17b867f4b6f7ef32738641b703f21b12bf59bc', 18),
(475, 'f08c85fc5f5be0a760929f75ea05057acc023f0c1f17b867f4b6f7ef32738641b703f21b12bf59bc', '2021-10-01 12:41:48', '2021-09-24 12:41:48', '::1', '2021-09-24 12:49:29', '::1', '01366d5a3af30d6234db499ce4309dd537b8ea367443b2527406ceb9f5e9e12657a546a2db9af422', 18),
(476, '01366d5a3af30d6234db499ce4309dd537b8ea367443b2527406ceb9f5e9e12657a546a2db9af422', '2021-10-01 12:49:29', '2021-09-24 12:49:29', '::1', '2021-09-24 12:52:46', '::1', '414c775a4b4c4165c8ea2cd0796d1aa874952e7f845984007cb12adc20a8a6797e53822d292b79f7', 18),
(477, '414c775a4b4c4165c8ea2cd0796d1aa874952e7f845984007cb12adc20a8a6797e53822d292b79f7', '2021-10-01 12:52:46', '2021-09-24 12:52:46', '::1', '2021-09-24 12:53:13', '::1', '77370cb3228c6a05df88905e2979c4fbf66370b3aa47435aae5cd37e5547048584baff77f92c6341', 18),
(478, '77370cb3228c6a05df88905e2979c4fbf66370b3aa47435aae5cd37e5547048584baff77f92c6341', '2021-10-01 12:53:13', '2021-09-24 12:53:13', '::1', '2021-09-24 12:54:43', '::1', 'dc566ec7f2ca013019a9492b62396d1b52dc1c5950b897d16a255cce7dff1eae23783a34f5992fb3', 18),
(479, 'dc566ec7f2ca013019a9492b62396d1b52dc1c5950b897d16a255cce7dff1eae23783a34f5992fb3', '2021-10-01 12:54:43', '2021-09-24 12:54:43', '::1', '2021-09-24 12:54:46', '::1', '94c0402cd24f0d7cae8223c7a06c727e1a36c0953712290a65d495efd2dde75426c18470a53c7d5e', 18),
(480, '94c0402cd24f0d7cae8223c7a06c727e1a36c0953712290a65d495efd2dde75426c18470a53c7d5e', '2021-10-01 12:54:46', '2021-09-24 12:54:46', '::1', '2021-09-24 12:54:48', '::1', '0df0eeb3778eb4f32af262ed7cd9a7c2d0566d081761abf52460a249a9cea13107121a602a11efce', 18),
(481, '0df0eeb3778eb4f32af262ed7cd9a7c2d0566d081761abf52460a249a9cea13107121a602a11efce', '2021-10-01 12:54:48', '2021-09-24 12:54:48', '::1', '2021-09-24 13:03:58', '::1', '95f3136d3bb23e5c8a4da6b4b20ecb71a309088c1c3ae34cd851c7372880eac4b97308673f304895', 18),
(482, '95f3136d3bb23e5c8a4da6b4b20ecb71a309088c1c3ae34cd851c7372880eac4b97308673f304895', '2021-10-01 13:03:58', '2021-09-24 13:03:58', '::1', '2021-09-24 13:05:47', '::1', '3889aeb4809a3bf8d05d096922de18b8f375e3ad83ca6a9cd782952d84b24296c81d5fd6e218f0d8', 18),
(483, '3889aeb4809a3bf8d05d096922de18b8f375e3ad83ca6a9cd782952d84b24296c81d5fd6e218f0d8', '2021-10-01 13:05:47', '2021-09-24 13:05:47', '::1', '2021-09-24 13:06:47', '::1', 'ec8358590010a033e5520aec3b6778b985704f0d75e096eea74589bba279d7c27b399ade62f5e07c', 18),
(484, 'ec8358590010a033e5520aec3b6778b985704f0d75e096eea74589bba279d7c27b399ade62f5e07c', '2021-10-01 13:06:47', '2021-09-24 13:06:47', '::1', '2021-09-24 13:06:50', '::1', NULL, 18),
(485, '335ebe0c019df281be1d06a5c0c23c958511369a8617674d071bd31324f1acb22a512882e2742e30', '2021-10-01 13:07:03', '2021-09-24 13:07:03', '::1', '2021-09-24 13:17:48', '::1', 'f3c47430a1239401eb422c3de309598f6254b5f5170795c061e0333cd70260f1aa4f490da6405067', 18),
(486, 'f3c47430a1239401eb422c3de309598f6254b5f5170795c061e0333cd70260f1aa4f490da6405067', '2021-10-01 13:17:48', '2021-09-24 13:17:48', '::1', '2021-09-24 13:18:08', '::1', '4079f873ddefc09f2fe56ffa6560fcd96a67b20069209aef582b102473590d29d41d6cbd5c7d0512', 18),
(487, '4079f873ddefc09f2fe56ffa6560fcd96a67b20069209aef582b102473590d29d41d6cbd5c7d0512', '2021-10-01 13:18:08', '2021-09-24 13:18:08', '::1', '2021-09-24 13:19:38', '::1', NULL, 18),
(488, '4e346ba20da811c981409119e1bc9af6d929570f22407b510e48e975e5fd891b05777d9fee77c035', '2021-10-01 13:21:08', '2021-09-24 13:21:08', '::1', '2021-09-24 13:35:08', '::1', 'f97c36a1b719d40e7c29154c98f14421aa43d5f53a1794526c2cbf12ea8523b0af3533af65b6e092', 12),
(489, 'f97c36a1b719d40e7c29154c98f14421aa43d5f53a1794526c2cbf12ea8523b0af3533af65b6e092', '2021-10-01 13:35:08', '2021-09-24 13:35:08', '::1', '2021-09-24 13:49:08', '::1', '2e6e84b2668f694fac1028d9f8b5569ee398dd474c9d5aef51189bdc5f73e2399bd870d2d2cfa662', 12),
(490, '2e6e84b2668f694fac1028d9f8b5569ee398dd474c9d5aef51189bdc5f73e2399bd870d2d2cfa662', '2021-10-01 13:49:08', '2021-09-24 13:49:08', '::1', NULL, NULL, NULL, 12),
(491, '8204bbf1d9264b6038141d8f485c39af0e0c1f691ee944b77fe2ac769826e632df57d6dd17b07406', '2021-10-01 13:58:03', '2021-09-24 13:58:03', '::1', '2021-09-24 13:58:25', '::1', NULL, 18),
(492, '00fdf3d2ee5d9fe1a7fd6e1846d15b028829a0da07a9b4086a906d208cefd7bf41b507d5c539b54e', '2021-10-01 13:58:38', '2021-09-24 13:58:38', '::1', '2021-09-24 13:59:11', '::1', '19bc87dc460f06371ebc2fc37633c8e1eae8f5f1e1d4d2a2e28bea4bdcccf110831ee8bf4049d067', 4),
(493, '19bc87dc460f06371ebc2fc37633c8e1eae8f5f1e1d4d2a2e28bea4bdcccf110831ee8bf4049d067', '2021-10-01 13:59:11', '2021-09-24 13:59:11', '::1', '2021-09-24 14:02:19', '::1', '0611a7154661d8bf58545b8b4e48851b6e4f2ce4fcb84240d19f68fa378fc39fc0b07edeb761b2aa', 4),
(494, '0611a7154661d8bf58545b8b4e48851b6e4f2ce4fcb84240d19f68fa378fc39fc0b07edeb761b2aa', '2021-10-01 14:02:19', '2021-09-24 14:02:19', '::1', '2021-09-24 14:09:05', '::1', NULL, 4),
(495, 'd4e5ca14748c4ab029e740c196818cd01f4ec473968c0d013193d02dd368189a5847a79d6020f600', '2021-10-01 14:13:57', '2021-09-24 14:13:57', '::1', '2021-09-24 14:14:07', '::1', NULL, 4),
(496, '551c7013e408e82a29a9722f79898a2070eac1617f1baea457dd326e1f6ad7dec7f995e18cd9b99a', '2021-10-01 14:50:44', '2021-09-24 14:50:44', '::1', '2021-09-24 14:51:01', '::1', NULL, 4),
(497, 'f1562814a5ba1365112295ecbc8fab08de005acf2b324b41edba91dcc0d9e7c5a2858012bf375643', '2021-10-01 14:51:50', '2021-09-24 14:51:50', '::1', '2021-09-24 14:55:21', '::1', 'e3933bd577bce922f61dc40da70e960426aeb2f6dc7089c77802bcea017a4b05a765fc9e3740483b', 4),
(498, 'e3933bd577bce922f61dc40da70e960426aeb2f6dc7089c77802bcea017a4b05a765fc9e3740483b', '2021-10-01 14:55:21', '2021-09-24 14:55:21', '::1', '2021-09-24 14:55:41', '::1', 'abdad4ce9d70e0605f52dad80cb3e20bf1cfddae03aa073ca572e665af8c3ba61d872db767eb32a7', 4),
(499, 'abdad4ce9d70e0605f52dad80cb3e20bf1cfddae03aa073ca572e665af8c3ba61d872db767eb32a7', '2021-10-01 14:55:41', '2021-09-24 14:55:41', '::1', '2021-09-24 14:57:09', '::1', NULL, 4),
(500, '99bd3cb01dbef083cbb6afda145732a06b7b6dea6bee29317f5aa9f07ce5d2ace2645cfef80675e4', '2021-10-02 09:27:14', '2021-09-25 09:27:14', '::1', '2021-09-25 09:27:29', '::1', 'f6bf1724dc8d2bc0fe3659033751cdb9f8b9cdb212d9bd8aa0f7431f592f67706cbc9f96ba7cc624', 18),
(501, 'f6bf1724dc8d2bc0fe3659033751cdb9f8b9cdb212d9bd8aa0f7431f592f67706cbc9f96ba7cc624', '2021-10-02 09:27:29', '2021-09-25 09:27:29', '::1', '2021-09-25 09:41:29', '::1', '8541d68af259e85e1b4de599a474f4452a959a4a68db0b4d44daf53c0db91e2cbc72a49a14409874', 18),
(502, '8541d68af259e85e1b4de599a474f4452a959a4a68db0b4d44daf53c0db91e2cbc72a49a14409874', '2021-10-02 09:41:29', '2021-09-25 09:41:29', '::1', '2021-09-25 09:55:29', '::1', '7edfac837f6fe3c6b03a22805782e00c9eaeeb0a6f7edf2afd614f504461d349b3f789569bcdc0b3', 18),
(503, '7edfac837f6fe3c6b03a22805782e00c9eaeeb0a6f7edf2afd614f504461d349b3f789569bcdc0b3', '2021-10-02 09:55:29', '2021-09-25 09:55:29', '::1', '2021-09-25 13:31:25', '::1', '9061b57b8ee47459a478321701baf24c3963349d0a6ee5f6f33433eccce304aee61957e617ab5654', 18),
(504, '9061b57b8ee47459a478321701baf24c3963349d0a6ee5f6f33433eccce304aee61957e617ab5654', '2021-10-02 13:31:25', '2021-09-25 13:31:25', '::1', '2021-09-25 13:31:46', '::1', '8d1e7af362c1ea894c4913278522a1b4e6a0bbe6bd7abc12ac449dd2b06c3510174e422fe1f3fb41', 18),
(505, '8d1e7af362c1ea894c4913278522a1b4e6a0bbe6bd7abc12ac449dd2b06c3510174e422fe1f3fb41', '2021-10-02 13:31:46', '2021-09-25 13:31:46', '::1', '2021-09-25 13:31:48', '::1', NULL, 18),
(506, '34c5d72051562c12669b34c480dafdd31869f149baad97197918819750f325885778125801eb5e15', '2021-10-02 13:31:57', '2021-09-25 13:31:57', '::1', '2021-09-25 13:32:56', '::1', NULL, 4);

-- --------------------------------------------------------

--
-- Table structure for table `requested_stations`
--

DROP TABLE IF EXISTS `requested_stations`;
CREATE TABLE IF NOT EXISTS `requested_stations` (
  `reg_number` varchar(20) NOT NULL,
  `firstName` varchar(30) NOT NULL,
  `lastName` varchar(30) NOT NULL,
  `st_name` varchar(30) NOT NULL,
  `address` varchar(100) NOT NULL,
  `town` varchar(20) NOT NULL,
  `mobile` varchar(10) NOT NULL,
  `email` varchar(30) NOT NULL,
  `bay_amount` int(11) NOT NULL,
  PRIMARY KEY (`reg_number`)
) ENGINE=InnoDB DEFAULT CHARSET=utf8mb4;

--
-- Dumping data for table `requested_stations`
--

INSERT INTO `requested_stations` (`reg_number`, `firstName`, `lastName`, `st_name`, `address`, `town`, `mobile`, `email`, `bay_amount`) VALUES
('REG-507', 'Piyal', 'Maithree', 'Bevitex Service Station', 'Bevitex Service Station , Idalgastuda , Batricaloa', 'Batricaloa', '0718362779', 'binayij781@timevod.com', 2);

-- --------------------------------------------------------

--
-- Table structure for table `requested_station_services`
--

DROP TABLE IF EXISTS `requested_station_services`;
CREATE TABLE IF NOT EXISTS `requested_station_services` (
  `reg_number` varchar(20) NOT NULL,
  `service_id` int(11) NOT NULL,
  `amount` int(11) NOT NULL,
  `duration` decimal(11,1) NOT NULL,
  PRIMARY KEY (`reg_number`,`service_id`),
  KEY `requested_station_services_ibfk_2` (`service_id`)
) ENGINE=InnoDB DEFAULT CHARSET=utf8mb4;

--
-- Dumping data for table `requested_station_services`
--

INSERT INTO `requested_station_services` (`reg_number`, `service_id`, `amount`, `duration`) VALUES
('REG-507', 11, 1000, '1.0'),
('REG-507', 12, 1000, '2.0');

-- --------------------------------------------------------

--
-- Table structure for table `services`
--

DROP TABLE IF EXISTS `services`;
CREATE TABLE IF NOT EXISTS `services` (
  `service_id` int(11) NOT NULL AUTO_INCREMENT,
  `service_name` varchar(50) NOT NULL,
  `description` varchar(50) NOT NULL,
  `duration_hrs` decimal(11,1) NOT NULL,
  PRIMARY KEY (`service_id`)
) ENGINE=InnoDB AUTO_INCREMENT=19 DEFAULT CHARSET=utf8mb4;

--
-- Dumping data for table `services`
--

INSERT INTO `services` (`service_id`, `service_name`, `description`, `duration_hrs`) VALUES
(11, 'Oil Changing & Filter Replacement', 'Oil Changing & Filter Replacement', '2.0'),
(12, 'Engine Tune-Up', 'Tuning the complete engine', '0.5'),
(13, 'Battery Replacement', 'Replacing the battery', '0.5'),
(14, 'Waxing', 'Waxing the vehicle', '1.5'),
(15, 'Wheel Alignment', 'Setting the Wheel Alignment', '1.0'),
(16, 'Cut and polish', 'Cutting and Polishing the body', '2.0'),
(17, 'Interior Cleaning & Body Wash', 'Cleaning the Interior of the vehicle ', '0.5'),
(18, 'Tyre Replacement', 'Replacing the tyres ', '1.0');

-- --------------------------------------------------------

--
-- Table structure for table `servicestation_services`
--

DROP TABLE IF EXISTS `servicestation_services`;
CREATE TABLE IF NOT EXISTS `servicestation_services` (
  `service_id` int(11) NOT NULL,
  `st_id` int(11) NOT NULL,
  `amount` int(11) NOT NULL,
  `duration_hrs` decimal(11,1) NOT NULL,
  PRIMARY KEY (`service_id`,`st_id`),
  KEY `st_id` (`st_id`)
) ENGINE=InnoDB DEFAULT CHARSET=utf8mb4;

--
-- Dumping data for table `servicestation_services`
--

INSERT INTO `servicestation_services` (`service_id`, `st_id`, `amount`, `duration_hrs`) VALUES
(11, 1, 3000, '1.0'),
(11, 2, 2000, '1.0'),
(11, 505, 1200, '1.0'),
(11, 506, 2000, '1.0'),
(12, 1, 3000, '2.5'),
(12, 2, 1000, '2.0'),
(12, 505, 2000, '2.0'),
(12, 506, 2000, '1.5'),
(13, 1, 4000, '0.5'),
(13, 3, 1300, '0.5'),
(13, 503, 500, '0.5'),
(13, 505, 500, '0.5'),
(14, 500, 2000, '3.0'),
(15, 1, 5000, '1.5'),
(15, 3, 1000, '1.0'),
(15, 505, 1000, '1.5'),
(16, 1, 5000, '3.0'),
(16, 503, 3000, '3.0'),
(16, 504, 3000, '2.5'),
(17, 1, 3000, '1.0'),
(17, 500, 2000, '3.0'),
(17, 503, 700, '0.5'),
(17, 504, 1000, '0.5'),
(17, 505, 1000, '1.0'),
(18, 1, 1000, '1.0'),
(18, 3, 1000, '1.0'),
(18, 500, 1000, '1.0');

-- --------------------------------------------------------

--
-- Table structure for table `service_report`
--

DROP TABLE IF EXISTS `service_report`;
CREATE TABLE IF NOT EXISTS `service_report` (
  `doc_id` int(11) NOT NULL AUTO_INCREMENT,
  `description` varchar(20) NOT NULL,
  `issued_date` date NOT NULL,
  `vehicle_number` varchar(15) NOT NULL,
  `st_id` int(11) NOT NULL,
  PRIMARY KEY (`doc_id`),
  KEY `st_id` (`st_id`),
  KEY `vehicle_number` (`vehicle_number`)
) ENGINE=InnoDB DEFAULT CHARSET=utf8mb4;

-- --------------------------------------------------------

--
-- Table structure for table `service_station`
--

DROP TABLE IF EXISTS `service_station`;
CREATE TABLE IF NOT EXISTS `service_station` (
  `st_id` int(11) NOT NULL,
  `firstName` varchar(30) NOT NULL,
  `lastName` varchar(30) NOT NULL,
  `st_name` varchar(30) NOT NULL,
  `address` varchar(100) NOT NULL,
  `town` varchar(30) NOT NULL,
  `email` varchar(50) NOT NULL,
  `mobile` varchar(10) NOT NULL,
  PRIMARY KEY (`st_id`)
) ENGINE=InnoDB DEFAULT CHARSET=utf8mb4;

--
-- Dumping data for table `service_station`
--

INSERT INTO `service_station` (`st_id`, `firstName`, `lastName`, `st_name`, `address`, `town`, `email`, `mobile`) VALUES
(1, 'Steve', 'Sumith', 'Mystic Service Center', 'Mystic Service Center, Munagama, Horana, Kalutara District, Western Province', 'Horana', 'mystic354@tinilalo.com', '0342260686'),
(2, 'Lakshan', 'Silva', 'Allexis Service Station', 'Alexis Service Station, Ratnapura , Ratnapura District,Sabaragamuwa Province.', 'Ratnapura', 'allexisstation11@gmail.com', '0361150686'),
(3, 'Wanidu', 'Fernando', 'Kapila Service Station', 'Kapila Service Station , Matara , Matara District , Southern Province.', 'Panadura', 'kapilaservice22@gmail.com', '0391144322'),
(500, 'Kavindu', 'Sandeepa', 'Methodist Service Station', 'Methodist Service Station , Nagashena, Horana', 'Horana', 'methsaraprashan@gmail.com', '0342250164'),
(503, 'Pavithra', 'Somapala', 'Pavillion Service Station', 'Pavillion Service Station , ketikava ,Kalutara.', 'Kalutara', 'pavillion422@gmail.com', '0342250473'),
(504, 'Kavishka', 'Zoysa', 'Pandora Service Station', 'Pandora Service Station , kalahahena ,Polonnaruwa.', 'Polonnaruwa', 'pandora42@gmail.com', '0371199563'),
(505, 'Binura', 'Sachithra', 'Prestige Service Center  ', 'Prestige Service Center , Bogambara , Kandy.', 'Kandy', 'prestige70@gmail.com', '0381197462'),
(506, 'Kasun', 'Peiris', 'Pentick Service Station', 'Pentick Service Station', 'Mathara', 'sadihi2351@soulsuns.com', '0718362778');

-- --------------------------------------------------------

--
-- Table structure for table `subscription_payment`
--

DROP TABLE IF EXISTS `subscription_payment`;
CREATE TABLE IF NOT EXISTS `subscription_payment` (
  `payment_id` int(11) NOT NULL AUTO_INCREMENT,
  `amount` int(11) NOT NULL,
  `description` varchar(20) NOT NULL,
  `date` date NOT NULL,
  PRIMARY KEY (`payment_id`)
) ENGINE=InnoDB DEFAULT CHARSET=utf8mb4;

-- --------------------------------------------------------

--
-- Table structure for table `testtable`
--

DROP TABLE IF EXISTS `testtable`;
CREATE TABLE IF NOT EXISTS `testtable` (
  `d_id` int(11) NOT NULL,
  `d2` varchar(20) NOT NULL,
  `d3` varchar(20) NOT NULL,
  `d4` varchar(20) NOT NULL,
  PRIMARY KEY (`d_id`)
) ENGINE=InnoDB DEFAULT CHARSET=utf8mb4;

--
-- Dumping data for table `testtable`
--

INSERT INTO `testtable` (`d_id`, `d2`, `d3`, `d4`) VALUES
(2, '2', 'lol', 'hikz'),
(4, '4', 'wasdaw', 'gdsfg'),
(5, '5', 'wasdaw', 'gdsfg'),
(22, '3', 'wasdaw', 'gdsfg'),
(77, '1', 'wasdaw', 'gdsfg');

-- --------------------------------------------------------

--
-- Table structure for table `vehicle`
--

DROP TABLE IF EXISTS `vehicle`;
CREATE TABLE IF NOT EXISTS `vehicle` (
  `vehicle_number` varchar(15) NOT NULL,
  `model` varchar(10) NOT NULL,
  `make` varchar(10) NOT NULL,
  `reg_year` year(4) NOT NULL,
  `mileage` int(11) NOT NULL,
  `vehicle_img_name` varchar(30) NOT NULL,
  `owner_id` int(11) NOT NULL,
  `type` varchar(20) NOT NULL,
  PRIMARY KEY (`vehicle_number`),
  KEY `owner_id` (`owner_id`)
) ENGINE=InnoDB DEFAULT CHARSET=utf8mb4;

--
-- Dumping data for table `vehicle`
--

INSERT INTO `vehicle` (`vehicle_number`, `model`, `make`, `reg_year`, `mileage`, `vehicle_img_name`, `owner_id`, `type`) VALUES
('55-5786', 'CARAVAN', 'NISSAN', 2002, 100000, '18001427-NISSAN-CARAVAN.jpeg', 18001427, 'car'),
('CAN-8868', 'Prado', 'Toyota', 2015, 20000, '18000045-prado.jpeg', 18000045, 'suv'),
('CAP-1120', '520D', 'BMW', 2018, 30000, '18001427-BMW-520D.jpg', 18001427, 'car'),
('CAP-5622', 'WAGON R', 'SUZUKI', 2017, 15000, '18000045-SUZUKI-WAGON R.jpg', 18000045, 'car'),
('CAR-8072', 'Q2', 'AUDI', 2019, 20000, '18000045-AUDI-Q2.jpg', 18000045, 'car'),
('HK-8080', 'ALTO', 'SUZUKI', 2014, 200000, '18001427-SUZUKI-ALTO.jpg', 18001427, 'car'),
('HP-9990', 'Hiace', 'Toyota', 2002, 300000, '18000045-Hiace.jpg', 18000045, 'van'),
('KL-4301', 'ALLION', 'TOYOTA', 2008, 70000, '18000045-TOYOTA-ALLION.jpg', 18000045, 'car'),
('KW-7812', '520d', 'BMW', 2013, 20000, '', 18001418, 'car'),
('KW-8475', 'Premio', 'Toyota', 2013, 100000, '18000045-Premio.jpg', 18000045, 'car');

-- --------------------------------------------------------

--
-- Table structure for table `vehicle_owner`
--

DROP TABLE IF EXISTS `vehicle_owner`;
CREATE TABLE IF NOT EXISTS `vehicle_owner` (
  `owner_id` int(11) NOT NULL AUTO_INCREMENT,
  `first_name` varchar(15) NOT NULL,
  `last_name` varchar(20) NOT NULL,
  `mobile` varchar(10) NOT NULL,
  `email` varchar(100) NOT NULL,
  `home_town` varchar(20) NOT NULL,
  `owner_img_name` varchar(50) NOT NULL DEFAULT 'DEFAULTUSER.PNG',
  `address` varchar(70) NOT NULL,
  PRIMARY KEY (`owner_id`)
) ENGINE=InnoDB AUTO_INCREMENT=18001431 DEFAULT CHARSET=utf8mb4;

--
-- Dumping data for table `vehicle_owner`
--

INSERT INTO `vehicle_owner` (`owner_id`, `first_name`, `last_name`, `mobile`, `email`, `home_town`, `owner_img_name`, `address`) VALUES
(18000045, 'Namudaraa', 'Abeysinghe', '0773224257', 'namudara1@gmail.com', 'Horana', '18000045.JPEG', '332/39 , Lesley Land,Munagama , Horana , Kalutara'),
(18001418, 'Nimnaka ', 'Premawardana', '0716753859', 'nimnaka1@gmail.com', 'Ratnapura', '', '123/15 , Hospital Road , Ratnapura'),
(18001425, 'Kushan', 'Senevirthna', '0774232966', 'kushan.se98@gmail.com', 'Boston', 'DEFAULTUSER.PNG', '4128  Russell Street'),
(18001427, 'Nimnakaa', 'Premawardhana', '0712268152', 'nimnakapremawardhana@gmail.com', 'Ratnapura', '18001427.PNG', '49, Colombo Road, Ratnapura'),
(18001430, 'Sumana', 'Alwis', '0773224557', 'vosohi2202@timevod.com', 'Badulla', 'DEFAULTUSER.PNG', '49, Colombo Road, Badulla');

--
-- Constraints for dumped tables
--

--
-- Constraints for table `appointment`
--
ALTER TABLE `appointment`
  ADD CONSTRAINT `appointment_ibfk_1` FOREIGN KEY (`st_id`) REFERENCES `service_station` (`st_id`) ON DELETE CASCADE ON UPDATE CASCADE;

--
-- Constraints for table `appointment_service`
--
ALTER TABLE `appointment_service`
  ADD CONSTRAINT `appointment_service_ibfk_1` FOREIGN KEY (`appointment_id`) REFERENCES `appointment` (`appointment_id`) ON DELETE CASCADE ON UPDATE CASCADE,
  ADD CONSTRAINT `appointment_service_ibfk_2` FOREIGN KEY (`service_id`) REFERENCES `services` (`service_id`) ON DELETE CASCADE ON UPDATE CASCADE;

--
-- Constraints for table `bay`
--
ALTER TABLE `bay`
  ADD CONSTRAINT `bay_ibfk_1` FOREIGN KEY (`st_id`) REFERENCES `service_station` (`st_id`) ON DELETE CASCADE ON UPDATE CASCADE;

--
-- Constraints for table `rating`
--
ALTER TABLE `rating`
  ADD CONSTRAINT `rating_ibfk_1` FOREIGN KEY (`st_id`) REFERENCES `service_station` (`st_id`) ON DELETE CASCADE ON UPDATE CASCADE;

--
-- Constraints for table `refreshtokens`
--
ALTER TABLE `refreshtokens`
  ADD CONSTRAINT `refreshtokens_ibfk_1` FOREIGN KEY (`accountId`) REFERENCES `accounts` (`id`) ON DELETE CASCADE ON UPDATE CASCADE;

--
-- Constraints for table `requested_station_services`
--
ALTER TABLE `requested_station_services`
  ADD CONSTRAINT `requested_station_services_ibfk_1` FOREIGN KEY (`reg_number`) REFERENCES `requested_stations` (`reg_number`) ON DELETE CASCADE ON UPDATE CASCADE,
  ADD CONSTRAINT `requested_station_services_ibfk_2` FOREIGN KEY (`service_id`) REFERENCES `services` (`service_id`) ON DELETE CASCADE ON UPDATE CASCADE;

--
-- Constraints for table `servicestation_services`
--
ALTER TABLE `servicestation_services`
  ADD CONSTRAINT `servicestation_services_ibfk_1` FOREIGN KEY (`service_id`) REFERENCES `services` (`service_id`) ON DELETE CASCADE ON UPDATE CASCADE,
  ADD CONSTRAINT `servicestation_services_ibfk_2` FOREIGN KEY (`st_id`) REFERENCES `service_station` (`st_id`) ON DELETE CASCADE ON UPDATE CASCADE;

--
-- Constraints for table `service_report`
--
ALTER TABLE `service_report`
  ADD CONSTRAINT `service_report_ibfk_1` FOREIGN KEY (`st_id`) REFERENCES `service_station` (`st_id`) ON DELETE NO ACTION ON UPDATE CASCADE,
  ADD CONSTRAINT `service_report_ibfk_2` FOREIGN KEY (`vehicle_number`) REFERENCES `vehicle` (`vehicle_number`) ON DELETE NO ACTION ON UPDATE CASCADE;

--
-- Constraints for table `vehicle`
--
ALTER TABLE `vehicle`
  ADD CONSTRAINT `vehicle_ibfk_1` FOREIGN KEY (`owner_id`) REFERENCES `vehicle_owner` (`owner_id`) ON DELETE CASCADE ON UPDATE CASCADE;
COMMIT;

/*!40101 SET CHARACTER_SET_CLIENT=@OLD_CHARACTER_SET_CLIENT */;
/*!40101 SET CHARACTER_SET_RESULTS=@OLD_CHARACTER_SET_RESULTS */;
/*!40101 SET COLLATION_CONNECTION=@OLD_COLLATION_CONNECTION */;
